Load Port [LP],Discharge Port [DP],Lead Time (days)
AARHUS (DENMARK),DJIBOUTI (DJIBOUTI),44
AARHUS (DENMARK),PORT QASIM (PAKISTAN),32
AARHUS (DENMARK),CALCUTTA (INDIA),38
AARHUS (DENMARK),TEMA (GHANA),42
AARHUS (DENMARK),PORT SUDAN (SUDAN),33
AARHUS (DENMARK),LOME (TOGO),36
AARHUS (DENMARK),FREETOWN (SIERRA LEONE),44
AARHUS (DENMARK),TOAMASINA (MADAGASCAR),53
AARHUS (DENMARK),SIHANOUKVILLE (CAMBODIA),36
AARHUS (DENMARK),RIGA (LATVIA),8
AARHUS (DENMARK),ORAN (ALGERIA),11
AARHUS (DENMARK),DOUALA (CAMEROON),40
AARHUS (DENMARK),COTONOU (BENIN),56
AARHUS (DENMARK),CORINTO (NICARAGUA),53
AARHUS (DENMARK),CONAKRY (GUINEA),35
AARHUS (DENMARK),BANJUL (GAMBIA),23
AARHUS (DENMARK),BEIRA (MOZAMBIQUE),41
ABIDJAN (CÔTE D'IVOIRE),DAKAR (SENEGAL),4
AD DAMMAM (SAUDI ARABIA),DJIBOUTI (DJIBOUTI),21
AD DAMMAM (SAUDI ARABIA),BEIRUT (LEBANON),30
AD DAMMAM (SAUDI ARABIA),CORINTO (NICARAGUA),59
AD DAMMAM (SAUDI ARABIA),CHITTAGONG (BANGLADESH),38
AD DAMMAM (SAUDI ARABIA),MANILA (PHILIPPINES),43
AD DAMMAM (SAUDI ARABIA),COLOMBO (SRI LANKA),36
AD DAMMAM (SAUDI ARABIA),TEMA (GHANA),58
AD DAMMAM (SAUDI ARABIA),PORT QASIM (PAKISTAN),135
AD DAMMAM (SAUDI ARABIA),BISSAU (GUINEA-BISSAU),71
AD DAMMAM (SAUDI ARABIA),HODEIDAH (YEMEN),31
AD DAMMAM (SAUDI ARABIA),ORAN (ALGERIA),39
AD DAMMAM (SAUDI ARABIA),ADEN (YEMEN),30
AD DAMMAM (SAUDI ARABIA),LOME (TOGO),63
AD DAMMAM (SAUDI ARABIA),ABIDJAN (CÔTE D'IVOIRE),58
AD DAMMAM (SAUDI ARABIA),DAR-ES-SALAAM (TANZANIA),31
AD DAMMAM (SAUDI ARABIA),NOUAKCHOTT (MAURITANIA),63
AD DAMMAM (SAUDI ARABIA),MOMBASA (KENYA),25
AD DAMMAM (SAUDI ARABIA),KARACHI (PAKISTAN),3
AD DAMMAM (SAUDI ARABIA),FREETOWN (SIERRA LEONE),48
AD DAMMAM (SAUDI ARABIA),DOUALA (CAMEROON),71
AD DAMMAM (SAUDI ARABIA),COTONOU (BENIN),80
AD DAMMAM (SAUDI ARABIA),CONAKRY (GUINEA),84
AD DAMMAM (SAUDI ARABIA),ALEXANDRIA (EGYPT),32
ALEXANDRIA (EGYPT),DJIBOUTI (DJIBOUTI),29
ALEXANDRIA (EGYPT),LATTAKIA (SYRIA),9
ALEXANDRIA (EGYPT),AQABA (JORDAN),45
ALEXANDRIA (EGYPT),TARTOUS (SYRIA),10
ALEXANDRIA (EGYPT),BEIRUT (LEBANON),6
ALEXANDRIA (EGYPT),HODEIDAH (YEMEN),34
ALEXANDRIA (EGYPT),SFAX (TUNISIA),22
ALEXANDRIA (EGYPT),MISURATA (LIBYA),6
ALEXANDRIA (EGYPT),ORAN (ALGERIA),21
ALIAGA (TURKEY),PORT-AU-PRINCE (HAITI),42
ALIAGA (TURKEY),PUERTO CORTEZ (HONDURAS),35
ALIAGA (TURKEY),FREETOWN (SIERRA LEONE),41
ALIAGA (TURKEY),LATTAKIA (SYRIA),18
ALIAGA (TURKEY),TARTOUS (SYRIA),18
ALIAGA (TURKEY),PORT SUDAN (SUDAN),17
ALIAGA (TURKEY),BEIRUT (LEBANON),16
ALIAGA (TURKEY),BANDAR'ABBAS (IRAN),19
ALIAGA (TURKEY),BEIRA (MOZAMBIQUE),62
ALIAGA (TURKEY),RIGA (LATVIA),22
AMA (USA),PORT QASIM (PAKISTAN),45
AMBARLI (TURKEY),DJIBOUTI (DJIBOUTI),18
AMBARLI (TURKEY),FREETOWN (SIERRA LEONE),55
AMBARLI (TURKEY),QINGDAO (CHINA),34
AMBARLI (TURKEY),NOUAKCHOTT (MAURITANIA),59
AMBARLI (TURKEY),ASHDOD (ISRAEL),9
AMBARLI (TURKEY),AQABA (JORDAN),19
ANTWERP (BELGIUM),CAUCEDO (DOMINICAN REP.),23
ANTWERP (BELGIUM),LATTAKIA (SYRIA),17
ANTWERP (BELGIUM),DJIBOUTI (DJIBOUTI),29
ANTWERP (BELGIUM),BARRANQUILLA (COLOMBIA),20
ANTWERP (BELGIUM),DURBAN (SOUTH AFRICA),30
ANTWERP (BELGIUM),BEIRUT (LEBANON),11
ANTWERP (BELGIUM),AQABA (JORDAN),25
ANTWERP (BELGIUM),BEIRA (MOZAMBIQUE),65
ANTWERP (BELGIUM),TULIARY (MADAGASCAR),51
ANTWERP (BELGIUM),PORT QASIM (PAKISTAN),26
ANTWERP (BELGIUM),POLLOC (PHILIPPINES),44
ANTWERP (BELGIUM),CALCUTTA (INDIA),40
ANTWERP (BELGIUM),SFAX (TUNISIA),21
ANTWERP (BELGIUM),KARACHI (PAKISTAN),22
ANTWERP (BELGIUM),WALVIS BAY (NAMIBIA),34
ANTWERP (BELGIUM),TEMA (GHANA),22
ANTWERP (BELGIUM),TOAMASINA (MADAGASCAR),38
ANTWERP (BELGIUM),TARTOUS (SYRIA),18
ANTWERP (BELGIUM),SURABAYA (INDONESIA),47
ANTWERP (BELGIUM),SANTIAGO D CUBA (CUBA),34
ANTWERP (BELGIUM),SIHANOUKVILLE (CAMBODIA),31
ANTWERP (BELGIUM),"SAO TOME (S.TOME,PRINCIPE)",15
ANTWERP (BELGIUM),RIGA (LATVIA),8
ANTWERP (BELGIUM),YANGON (MYANMAR),45
ANTWERP (BELGIUM),POTI (GEORGIA),24
ANTWERP (BELGIUM),PORT SUDAN (SUDAN),27
ANTWERP (BELGIUM),PORT-AU-PRINCE (HAITI),28
ANTWERP (BELGIUM),POINTE NOIRE (CONGO (BRAZZAV)),27
ANTWERP (BELGIUM),PUERTO CORTEZ (HONDURAS),21
ANTWERP (BELGIUM),ORAN (ALGERIA),19
ANTWERP (BELGIUM),NOUAKCHOTT (MAURITANIA),33
ANTWERP (BELGIUM),MONROVIA (LIBERIA),27
ANTWERP (BELGIUM),MOMBASA (KENYA),50
ANTWERP (BELGIUM),MANILA (PHILIPPINES),38
ANTWERP (BELGIUM),MATADI (DEM. REP. CONGO),56
ANTWERP (BELGIUM),LOME (TOGO),23
ANTWERP (BELGIUM),HODEIDAH (YEMEN),30
ANTWERP (BELGIUM),FREETOWN (SIERRA LEONE),20
ANTWERP (BELGIUM),DOUALA (CAMEROON),30
ANTWERP (BELGIUM),DALIAN (CHINA),48
ANTWERP (BELGIUM),DAR-ES-SALAAM (TANZANIA),46
ANTWERP (BELGIUM),DAKAR (SENEGAL),13
ANTWERP (BELGIUM),COTONOU (BENIN),21
ANTWERP (BELGIUM),CORINTO (NICARAGUA),47
ANTWERP (BELGIUM),CONAKRY (GUINEA),25
ANTWERP (BELGIUM),COLOMBO (SRI LANKA),30
ANTWERP (BELGIUM),CHITTAGONG (BANGLADESH),41
ANTWERP (BELGIUM),CAP HAITIEN (HAITI),48
ANTWERP (BELGIUM),BANDAR'ABBAS (IRAN),25
ANTWERP (BELGIUM),BANJUL (GAMBIA),27
ANTWERP (BELGIUM),BISSAU (GUINEA-BISSAU),42
ANTWERP (BELGIUM),BERBERA (SOMALIA),44
ANTWERP (BELGIUM),BARAHONA (DOMINICAN REP.),40
ANTWERP (BELGIUM),ASHDOD (ISRAEL),12
ANTWERP (BELGIUM),ACAJUTLA (EL SALVADOR),34
ANTWERP (BELGIUM),ADEN (YEMEN),27
ANTWERP (BELGIUM),ABIDJAN (CÔTE D'IVOIRE),22
ARICA (CHILE),DALIAN (CHINA),68
ARICA (CHILE),PORT-AU-PRINCE (HAITI),34
AZOV (RUSSIA),ASHDOD (ISRAEL),11
BAIRES (ARGENTINA),DJIBOUTI (DJIBOUTI),7
BANGKOK (THAILAND),TACLOBAN (PHILIPPINES),44
BANGKOK (THAILAND),POLLOC (PHILIPPINES),11
BANGKOK (THAILAND),YANGON (MYANMAR),24
BANGKOK (THAILAND),PORT-AU-PRINCE (HAITI),60
BANGKOK (THAILAND),MANILA (PHILIPPINES),9
BANGKOK (THAILAND),CAUCEDO (DOMINICAN REP.),63
BANGKOK (THAILAND),BANDAR'ABBAS (IRAN),25
BARI (ITALY),DAKAR (SENEGAL),22
BEAUMONT (USA),BEIRA (MOZAMBIQUE),0
BEAUMONT (USA),LOME (TOGO),30
BEAUMONT (USA),ABIDJAN (CÔTE D'IVOIRE),0
BEAUMONT (USA),MONROVIA (LIBERIA),21
BEAUMONT (USA),DJIBOUTI (DJIBOUTI),34
BEAUMONT (USA),MOMBASA (KENYA),47
BEDI BUNDER (INDIA),DOUALA (CAMEROON),39
BEDI BUNDER (INDIA),TEMA (GHANA),38
BEDI BUNDER (INDIA),MOMBASA (KENYA),11
BEIRA (MOZAMBIQUE),TOAMASINA (MADAGASCAR),31
BEIRA (MOZAMBIQUE),TULIARY (MADAGASCAR),49
BEIRA (MOZAMBIQUE),DAR-ES-SALAAM (TANZANIA),35
BEIRA (MOZAMBIQUE),MOMBASA (KENYA),59
BEIRA (MOZAMBIQUE),DOUALA (CAMEROON),55
BELAWAN (INDONESIA),DJIBOUTI (DJIBOUTI),27
BELAWAN (INDONESIA),PORT QASIM (PAKISTAN),25
BELAWAN (INDONESIA),POLLOC (PHILIPPINES),27
BELAWAN (INDONESIA),CALCUTTA (INDIA),18
BELAWAN (INDONESIA),BANGKOK (THAILAND),23
BELAWAN (INDONESIA),COLOMBO (SRI LANKA),19
BELAWAN (INDONESIA),WALVIS BAY (NAMIBIA),29
BELAWAN (INDONESIA),TEMA (GHANA),43
BELAWAN (INDONESIA),TOAMASINA (MADAGASCAR),26
BELAWAN (INDONESIA),SIHANOUKVILLE (CAMBODIA),12
BELAWAN (INDONESIA),"SAO TOME (S.TOME,PRINCIPE)",126
BELAWAN (INDONESIA),YANGON (MYANMAR),17
BELAWAN (INDONESIA),POINTE NOIRE (CONGO (BRAZZAV)),42
BELAWAN (INDONESIA),NOUAKCHOTT (MAURITANIA),41
BELAWAN (INDONESIA),MONROVIA (LIBERIA),43
BELAWAN (INDONESIA),MOMBASA (KENYA),35
BELAWAN (INDONESIA),MATADI (DEM. REP. CONGO),61
BELAWAN (INDONESIA),LOME (TOGO),35
BELAWAN (INDONESIA),KARACHI (PAKISTAN),20
BELAWAN (INDONESIA),HODEIDAH (YEMEN),33
BELAWAN (INDONESIA),FREETOWN (SIERRA LEONE),46
BELAWAN (INDONESIA),DURBAN (SOUTH AFRICA),21
BELAWAN (INDONESIA),DOUALA (CAMEROON),56
BELAWAN (INDONESIA),DALIAN (CHINA),29
BELAWAN (INDONESIA),DILI (TIMOR-LESTE),18
BELAWAN (INDONESIA),DAR-ES-SALAAM (TANZANIA),42
BELAWAN (INDONESIA),DAKAR (SENEGAL),43
BELAWAN (INDONESIA),COTONOU (BENIN),47
BELAWAN (INDONESIA),CONAKRY (GUINEA),49
BELAWAN (INDONESIA),CHITTAGONG (BANGLADESH),30
BELAWAN (INDONESIA),BANJUL (GAMBIA),40
BELAWAN (INDONESIA),BISSAU (GUINEA-BISSAU),50
BELAWAN (INDONESIA),BEIRA (MOZAMBIQUE),49
BELAWAN (INDONESIA),BERBERA (SOMALIA),34
BELAWAN (INDONESIA),ADEN (YEMEN),27
BELAWAN (INDONESIA),ABIDJAN (CÔTE D'IVOIRE),45
BERGEN (NORWAY),MOMBASA (KENYA),46
BONG (LIBERIA),MONROVIA (LIBERIA),0
BOPOLU (LIBERIA),MONROVIA (LIBERIA),0
BOSTON (USA),COTONOU (BENIN),102
BOSTON (USA),DAKAR (SENEGAL),34
BOSTON (USA),ABIDJAN (CÔTE D'IVOIRE),57
BOSTON (USA),MOMBASA (KENYA),81
BOSTON (USA),DOUALA (CAMEROON),65
BOSTON (USA),HODEIDAH (YEMEN),55
BREMERHAVEN (GERMANY),FREETOWN (SIERRA LEONE),33
BREMERHAVEN (GERMANY),DURBAN (SOUTH AFRICA),29
BREMERHAVEN (GERMANY),WALVIS BAY (NAMIBIA),55
BREMERHAVEN (GERMANY),BEIRA (MOZAMBIQUE),36
BREMERHAVEN (GERMANY),DOUALA (CAMEROON),31
BRINDISI (ITALY),POTI (GEORGIA),12
BUENAVENTURA (COLOMBIA),PORT-AU-PRINCE (HAITI),16
BUENOS AIRES (ARGENTINA),DOUALA (CAMEROON),61
BUENOS AIRES (ARGENTINA),BEIRA (MOZAMBIQUE),44
BUENOS AIRES (ARGENTINA),BARRANQUILLA (COLOMBIA),42
BUENOS AIRES (ARGENTINA),BANGKOK (THAILAND),68
BUENOS AIRES (ARGENTINA),WALVIS BAY (NAMIBIA),38
BUENOS AIRES (ARGENTINA),DAKAR (SENEGAL),37
BUENOS AIRES (ARGENTINA),ASHDOD (ISRAEL),39
BUENOS AIRES (ARGENTINA),TARTOUS (SYRIA),54
BUENOS AIRES (ARGENTINA),STO TOMAS CASTL (GUATEMALA),35
BUENOS AIRES (ARGENTINA),RIGA (LATVIA),34
BUENOS AIRES (ARGENTINA),PORT-AU-PRINCE (HAITI),40
BUENOS AIRES (ARGENTINA),PUERTO CORTEZ (HONDURAS),38
BUENOS AIRES (ARGENTINA),NOUAKCHOTT (MAURITANIA),52
BUENOS AIRES (ARGENTINA),HODEIDAH (YEMEN),58
BUENOS AIRES (ARGENTINA),GUAYAQUIL (ECUADOR),31
BUENOS AIRES (ARGENTINA),CORINTO (NICARAGUA),39
BUENOS AIRES (ARGENTINA),CAP HAITIEN (HAITI),51
BUENOS AIRES (ARGENTINA),BANDAR'ABBAS (IRAN),146
BUENOS AIRES (ARGENTINA),AQABA (JORDAN),44
BUENOS AIRES (ARGENTINA),ACAJUTLA (EL SALVADOR),49
CALCUTTA (INDIA),LATTAKIA (SYRIA),48
CALCUTTA (INDIA),BEIRUT (LEBANON),40
CALCUTTA (INDIA),TARTOUS (SYRIA),40
CAPETOWN (SOUTH AFRICA),MOMBASA (KENYA),22
CARTAGENA (COLOMBIA),CORINTO (NICARAGUA),35
CARTAGENA (COLOMBIA),BARRANQUILLA (COLOMBIA),39
CARTAGENA (COLOMBIA),PORT-AU-PRINCE (HAITI),24
CARTAGENA (COLOMBIA),CAP HAITIEN (HAITI),41
CARTAGENA (COLOMBIA),ACAJUTLA (EL SALVADOR),23
CARTAGENA (SPAIN),PORT-AU-PRINCE (HAITI),40
CARTAGENA (SPAIN),CAP HAITIEN (HAITI),31
CASABLANCA (MOROCCO),NOUAKCHOTT (MAURITANIA),9
CASABLANCA (MOROCCO),TARTOUS (SYRIA),38
CASABLANCA (MOROCCO),TRIPOLI (LIBYA),22
CASABLANCA (MOROCCO),MONROVIA (LIBERIA),25
CASABLANCA (MOROCCO),ABIDJAN (CÔTE D'IVOIRE),26
CASABLANCA (MOROCCO),HODEIDAH (YEMEN),24
CASABLANCA (MOROCCO),ORAN (ALGERIA),15
CASABLANCA (MOROCCO),DAKAR (SENEGAL),29
CASABLANCA (MOROCCO),COTONOU (BENIN),21
CASABLANCA (MOROCCO),ASHDOD (ISRAEL),28
CAUCEDO (DOMINICAN REP.),STO TOMAS CASTL (GUATEMALA),24
CHARLESTON (USA),BANGKOK (THAILAND),60
CHARLESTON (USA),DJIBOUTI (DJIBOUTI),40
CHARLESTON (USA),KARACHI (PAKISTAN),43
CHARLESTON (USA),PORT QASIM (PAKISTAN),27
CHARLESTON (USA),CALCUTTA (INDIA),45
CHARLESTON (USA),DILI (TIMOR-LESTE),54
CHENNAI (INDIA),DILI (TIMOR-LESTE),38
CHENNAI (INDIA),DJIBOUTI (DJIBOUTI),41
CHENNAI (INDIA),TULIARY (MADAGASCAR),54
CHENNAI (INDIA),POINTE NOIRE (CONGO (BRAZZAV)),71
CHENNAI (INDIA),ABIDJAN (CÔTE D'IVOIRE),47
CHENNAI (INDIA),DALIAN (CHINA),24
CHENNAI (INDIA),"SAO TOME (S.TOME,PRINCIPE)",82
CHENNAI (INDIA),MONROVIA (LIBERIA),55
CHENNAI (INDIA),ADEN (YEMEN),38
CHENNAI (INDIA),CONAKRY (GUINEA),59
CHENNAI (INDIA),BEIRA (MOZAMBIQUE),49
CHENNAI (INDIA),MAPUTO (MOZAMBIQUE),29
CHENNAI (INDIA),NACALA (MOZAMBIQUE),34
CHENNAI (INDIA),DOUALA (CAMEROON),57
CHENNAI (INDIA),HODEIDAH (YEMEN),33
CHENNAI (INDIA),PORT SUDAN (SUDAN),31
CHENNAI (INDIA),MOMBASA (KENYA),24
CHENNAI (INDIA),COLOMBO (SRI LANKA),6
CHENNAI (INDIA),CALLAO (PERU),64
CHENNAI (INDIA),CHITTAGONG (BANGLADESH),18
COCHIN (INDIA),COLOMBO (SRI LANKA),2
COLOMBO (SRI LANKA),CEBU (PHILIPPINES),16
COLOMBO (SRI LANKA),HODEIDAH (YEMEN),38
COLOMBO (SRI LANKA),CALCUTTA (INDIA),17
COLOMBO (SRI LANKA),DAVAO (PHILIPPINES),19
COLOMBO (SRI LANKA),BEIRA (MOZAMBIQUE),32
COLOMBO (SRI LANKA),CHITTAGONG (BANGLADESH),6
COLOMBO (SRI LANKA),DJIBOUTI (DJIBOUTI),19
COLOMBO (SRI LANKA),PORT QASIM (PAKISTAN),9
COLOMBO (SRI LANKA),KARACHI (PAKISTAN),16
CORPUS CHRISTI (USA),BERBERA (SOMALIA),0
CORPUS CHRISTI (USA),ASHDOD (ISRAEL),25
CORPUS CHRISTI (USA),LAS PALMAS (SPAIN),18
CORPUS CHRISTI (USA),DOUALA (CAMEROON),25
CORPUS CHRISTI (USA),DJIBOUTI (DJIBOUTI),31
CORPUS CHRISTI (USA),MOMBASA (KENYA),45
CORPUS CHRISTI (USA),BEIRA (MOZAMBIQUE),0
CORPUS CHRISTI (USA),DURBAN (SOUTH AFRICA),13
CORPUS CHRISTI (USA),PORT SUDAN (SUDAN),26
CORPUS CHRISTI (USA),DAR-ES-SALAAM (TANZANIA),32
DAKAR (SENEGAL),LOME (TOGO),10
DAKAR (SENEGAL),PRAIA (CAPE VERDE),8
DAKAR (SENEGAL),PORT-AU-PRINCE (HAITI),7
DAKAR (SENEGAL),MONROVIA (LIBERIA),32
DAKAR (SENEGAL),FREETOWN (SIERRA LEONE),6
DAKAR (SENEGAL),DOUALA (CAMEROON),27
DAKAR (SENEGAL),COTONOU (BENIN),12
DAKAR (SENEGAL),CONAKRY (GUINEA),12
DAKAR (SENEGAL),ABIDJAN (CÔTE D'IVOIRE),9
DALIAN (CHINA),DAVAO (PHILIPPINES),19
DALIAN (CHINA),TULIARY (MADAGASCAR),67
DALIAN (CHINA),POLLOC (PHILIPPINES),30
DALIAN (CHINA),WALVIS BAY (NAMIBIA),63
DALIAN (CHINA),TOAMASINA (MADAGASCAR),22
DALIAN (CHINA),SURABAYA (INDONESIA),37
DALIAN (CHINA),"SAO TOME (S.TOME,PRINCIPE)",75
DALIAN (CHINA),PORT-AU-PRINCE (HAITI),83
DALIAN (CHINA),NAMPO (DPR KOREA),2
DALIAN (CHINA),HODEIDAH (YEMEN),40
DALIAN (CHINA),DOUALA (CAMEROON),75
DALIAN (CHINA),ADEN (YEMEN),33
DAMIETTA (EGYPT),BEIRUT (LEBANON),3
DAMIETTA (EGYPT),TARTOUS (SYRIA),6
DAMIETTA (EGYPT),POLLOC (PHILIPPINES),45
DANDONG (CHINA),NAMPO (DPR KOREA),2
DAR-ES-SALAAM (TANZANIA),MOMBASA (KENYA),11
DAR-ES-SALAAM (TANZANIA),BERBERA (SOMALIA),16
DAR-ES-SALAAM (TANZANIA),MOGADISHU (SOMALIA),14
DARROW (USA),PORT QASIM (PAKISTAN),54
DARROW (USA),PORT-AU-PRINCE (HAITI),15
DESTREHAN (USA),TEMA (GHANA),0
DESTREHAN (USA),DAKAR (SENEGAL),19
DESTREHAN (USA),NOUAKCHOTT (MAURITANIA),0
DESTREHAN (USA),PORT QASIM (PAKISTAN),50
DJIBOUTI (DJIBOUTI),ORAN (ALGERIA),47
DJIBOUTI (DJIBOUTI),MOGADISHU (SOMALIA),27
DJIBOUTI (DJIBOUTI),PORT-AU-PRINCE (HAITI),53
DJIBOUTI (DJIBOUTI),DURBAN (SOUTH AFRICA),29
DJIBOUTI (DJIBOUTI),BISSAU (GUINEA-BISSAU),87
DJIBOUTI (DJIBOUTI),ADEN (YEMEN),9
DJIBOUTI (DJIBOUTI),LOME (TOGO),36
DJIBOUTI (DJIBOUTI),ASHDOD (ISRAEL),20
DJIBOUTI (DJIBOUTI),PORT QASIM (PAKISTAN),14
DJIBOUTI (DJIBOUTI),CALCUTTA (INDIA),24
DJIBOUTI (DJIBOUTI),TEMA (GHANA),52
DJIBOUTI (DJIBOUTI),WALVIS BAY (NAMIBIA),92
DJIBOUTI (DJIBOUTI),ACAJUTLA (EL SALVADOR),60
DJIBOUTI (DJIBOUTI),MATADI (DEM. REP. CONGO),58
DJIBOUTI (DJIBOUTI),BEIRA (MOZAMBIQUE),46
DJIBOUTI (DJIBOUTI),SURABAYA (INDONESIA),34
DJIBOUTI (DJIBOUTI),"SAO TOME (S.TOME,PRINCIPE)",72
DJIBOUTI (DJIBOUTI),POTI (GEORGIA),38
DJIBOUTI (DJIBOUTI),PORT SUDAN (SUDAN),9
DJIBOUTI (DJIBOUTI),MOMBASA (KENYA),25
DJIBOUTI (DJIBOUTI),MANILA (PHILIPPINES),28
DJIBOUTI (DJIBOUTI),KARACHI (PAKISTAN),13
DJIBOUTI (DJIBOUTI),HODEIDAH (YEMEN),8
DJIBOUTI (DJIBOUTI),DOUALA (CAMEROON),46
DJIBOUTI (DJIBOUTI),DAR-ES-SALAAM (TANZANIA),29
DJIBOUTI (DJIBOUTI),COLOMBO (SRI LANKA),8
DJIBOUTI (DJIBOUTI),BERBERA (SOMALIA),6
DOHA (QATAR),PORT QASIM (PAKISTAN),10
DOHA (QATAR),ALEXANDRIA (EGYPT),40
DOHA (QATAR),KARACHI (PAKISTAN),11
DOHA (QATAR),NAMPO (DPR KOREA),32
DOHA (QATAR),HODEIDAH (YEMEN),23
DUBAI (UTD.ARAB EMIR.),MOMBASA (KENYA),9
DUBAI (UTD.ARAB EMIR.),DAKAR (SENEGAL),39
DUNKIRK (FRANCE),BEIRUT (LEBANON),19
DUNKIRK (FRANCE),TARTOUS (SYRIA),22
DUNKIRK (FRANCE),LATTAKIA (SYRIA),21
DUNKIRK (FRANCE),ACAJUTLA (EL SALVADOR),28
DUNKIRK (FRANCE),BANGKOK (THAILAND),49
DUNKIRK (FRANCE),DOUALA (CAMEROON),31
DUNKIRK (FRANCE),MOMBASA (KENYA),37
DUNKIRK (FRANCE),WALVIS BAY (NAMIBIA),35
DUNKIRK (FRANCE),RIGA (LATVIA),14
DUNKIRK (FRANCE),POTI (GEORGIA),31
DUNKIRK (FRANCE),PORT SUDAN (SUDAN),45
DUNKIRK (FRANCE),PORT-AU-PRINCE (HAITI),33
DUNKIRK (FRANCE),PUERTO CORTEZ (HONDURAS),31
DUNKIRK (FRANCE),NOUAKCHOTT (MAURITANIA),55
DUNKIRK (FRANCE),KARACHI (PAKISTAN),0
DUNKIRK (FRANCE),GWADAR (PAKISTAN),25
DUNKIRK (FRANCE),BANDAR'ABBAS (IRAN),30
DUNKIRK (FRANCE),ASHDOD (ISRAEL),20
DURBAN (SOUTH AFRICA),NACALA (MOZAMBIQUE),25
DURBAN (SOUTH AFRICA),JEBEL ALI (UTD.ARAB EMIR.),48
DURBAN (SOUTH AFRICA),TOLAGNARO (MADAGASCAR),15
DURBAN (SOUTH AFRICA),NAMPO (DPR KOREA),39
DURBAN (SOUTH AFRICA),HUNGNAM (DPR KOREA),41
DURBAN (SOUTH AFRICA),DJIBOUTI (DJIBOUTI),28
DURBAN (SOUTH AFRICA),TULIARY (MADAGASCAR),16
DURBAN (SOUTH AFRICA),POLLOC (PHILIPPINES),31
DURBAN (SOUTH AFRICA),WALVIS BAY (NAMIBIA),21
DURBAN (SOUTH AFRICA),MOGADISHU (SOMALIA),13
DURBAN (SOUTH AFRICA),PORT SUDAN (SUDAN),43
DURBAN (SOUTH AFRICA),TEMA (GHANA),16
DURBAN (SOUTH AFRICA),TOAMASINA (MADAGASCAR),18
DURBAN (SOUTH AFRICA),SURABAYA (INDONESIA),37
DURBAN (SOUTH AFRICA),SIHANOUKVILLE (CAMBODIA),28
DURBAN (SOUTH AFRICA),"SAO TOME (S.TOME,PRINCIPE)",44
DURBAN (SOUTH AFRICA),POINTE NOIRE (CONGO (BRAZZAV)),13
DURBAN (SOUTH AFRICA),ORAN (ALGERIA),49
DURBAN (SOUTH AFRICA),NOUAKCHOTT (MAURITANIA),36
DURBAN (SOUTH AFRICA),MONROVIA (LIBERIA),44
DURBAN (SOUTH AFRICA),MOMBASA (KENYA),11
DURBAN (SOUTH AFRICA),MANILA (PHILIPPINES),24
DURBAN (SOUTH AFRICA),MATADI (DEM. REP. CONGO),33
DURBAN (SOUTH AFRICA),LOME (TOGO),19
DURBAN (SOUTH AFRICA),FREETOWN (SIERRA LEONE),43
DURBAN (SOUTH AFRICA),DOUALA (CAMEROON),42
DURBAN (SOUTH AFRICA),DALIAN (CHINA),42
DURBAN (SOUTH AFRICA),DAR-ES-SALAAM (TANZANIA),13
DURBAN (SOUTH AFRICA),DAKAR (SENEGAL),25
DURBAN (SOUTH AFRICA),COTONOU (BENIN),25
DURBAN (SOUTH AFRICA),CORINTO (NICARAGUA),76
DURBAN (SOUTH AFRICA),CONAKRY (GUINEA),29
DURBAN (SOUTH AFRICA),COLOMBO (SRI LANKA),30
DURBAN (SOUTH AFRICA),BANJUL (GAMBIA),40
DURBAN (SOUTH AFRICA),BISSAU (GUINEA-BISSAU),63
DURBAN (SOUTH AFRICA),BANGKOK (THAILAND),37
DURBAN (SOUTH AFRICA),BEIRA (MOZAMBIQUE),12
DURBAN (SOUTH AFRICA),BERBERA (SOMALIA),54
DURBAN (SOUTH AFRICA),ABIDJAN (CÔTE D'IVOIRE),39
EAST LONDON (SOUTH AFRICA),MOMBASA (KENYA),9
EAST LONDON (SOUTH AFRICA),DAR-ES-SALAAM (TANZANIA),22
FELIXSTOWE (UNITED KINGDOM),HODEIDAH (YEMEN),30
FREETOWN (SIERRA LEONE),FREETOWN (SIERRA LEONE),0
GALVESTON (USA),CHITTAGONG (BANGLADESH),43
GALVESTON (USA),PORT QASIM (PAKISTAN),38
GALVESTON (USA),DJIBOUTI (DJIBOUTI),26
GALVESTON (USA),PORT SUDAN (SUDAN),25
GALVESTON (USA),MOMBASA (KENYA),0
GALVESTON (USA),DOUALA (CAMEROON),27
GALVESTON (USA),BENGHAZI (LIBYA),0
GALVESTON (USA),BERBERA (SOMALIA),59
GANGAVARAM (INDIA),CHITTAGONG (BANGLADESH),4
GBARPOLU (LIBERIA),MONROVIA (LIBERIA),0
GEMLIK (TURKEY),BEIRUT (LEBANON),16
GENOVA (ITALY),SANTIAGO D CUBA (CUBA),33
GENOVA (ITALY),POLLOC (PHILIPPINES),182
GENOVA (ITALY),SFAX (TUNISIA),3
GENOVA (ITALY),TEMA (GHANA),17
GENOVA (ITALY),PORT-AU-PRINCE (HAITI),33
GENOVA (ITALY),DILI (TIMOR-LESTE),43
GRAND CAPE MOUN (LIBERIA),MONROVIA (LIBERIA),0
GUAYAQUIL (ECUADOR),PORT-AU-PRINCE (HAITI),21
GUAYAQUIL (ECUADOR),ACAJUTLA (EL SALVADOR),19
HAKATA (JAPAN),DAR-ES-SALAAM (TANZANIA),39
HAKATA (JAPAN),MOMBASA (KENYA),27
HAKATA (JAPAN),CORINTO (NICARAGUA),35
HAKATA (JAPAN),CHITTAGONG (BANGLADESH),22
HAKATA (JAPAN),DJIBOUTI (DJIBOUTI),30
HAKATA (JAPAN),COLOMBO (SRI LANKA),17
HALIFAX (CANADA),BARRANQUILLA (COLOMBIA),20
HAMBURG (GERMANY),BEIRUT (LEBANON),17
HAMBURG (GERMANY),TARTOUS (SYRIA),21
HAMBURG (GERMANY),BEIRA (MOZAMBIQUE),62
HAMBURG (GERMANY),PORT-AU-PRINCE (HAITI),39
HAMBURG (GERMANY),DJIBOUTI (DJIBOUTI),35
HAMBURG (GERMANY),TEMA (GHANA),24
HAMBURG (GERMANY),SIHANOUKVILLE (CAMBODIA),31
HAMBURG (GERMANY),DALIAN (CHINA),46
HAMBURG (GERMANY),PORT SUDAN (SUDAN),33
HAMBURG (GERMANY),COTONOU (BENIN),23
HAMBURG (GERMANY),HODEIDAH (YEMEN),33
HAMBURG (GERMANY),MATADI (DEM. REP. CONGO),89
HAMBURG (GERMANY),DOUALA (CAMEROON),37
HAMBURG (GERMANY),CHITTAGONG (BANGLADESH),35
HAMBURG (GERMANY),ASHDOD (ISRAEL),13
HAMBURG (GERMANY),DAR-ES-SALAAM (TANZANIA),43
HAMBURG (GERMANY),MOMBASA (KENYA),45
HAMBURG (GERMANY),ORAN (ALGERIA),20
HAMBURG (GERMANY),NOUAKCHOTT (MAURITANIA),41
HAMBURG (GERMANY),BANDAR'ABBAS (IRAN),31
HAMBURG (GERMANY),COLOMBO (SRI LANKA),25
HAMBURG (GERMANY),ADEN (YEMEN),30
HARPER (LIBERIA),MONROVIA (LIBERIA),0
HARPER (LIBERIA),HARPER (LIBERIA),0
HELSINKI (FINLAND),NOUAKCHOTT (MAURITANIA),23
HOCHIMINH CITY (VIETNAM),POINTE NOIRE (CONGO (BRAZZAV)),32
HOCHIMINH CITY (VIETNAM),TACLOBAN (PHILIPPINES),10
HOCHIMINH CITY (VIETNAM),BISSAU (GUINEA-BISSAU),62
HOCHIMINH CITY (VIETNAM),MOMBASA (KENYA),39
HOCHIMINH CITY (VIETNAM),TOAMASINA (MADAGASCAR),18
HOCHIMINH CITY (VIETNAM),DAVAO (PHILIPPINES),24
HOCHIMINH CITY (VIETNAM),POLLOC (PHILIPPINES),22
HOCHIMINH CITY (VIETNAM),CALCUTTA (INDIA),11
HOCHIMINH CITY (VIETNAM),TRIPOLI (LIBYA),48
HOCHIMINH CITY (VIETNAM),DJIBOUTI (DJIBOUTI),23
HOCHIMINH CITY (VIETNAM),BENGHAZI (LIBYA),35
HOCHIMINH CITY (VIETNAM),SFAX (TUNISIA),28
HOCHIMINH CITY (VIETNAM),MONROVIA (LIBERIA),63
HOCHIMINH CITY (VIETNAM),SURABAYA (INDONESIA),14
HOCHIMINH CITY (VIETNAM),TEMA (GHANA),37
HOCHIMINH CITY (VIETNAM),TARTOUS (SYRIA),31
HOCHIMINH CITY (VIETNAM),SANTIAGO D CUBA (CUBA),52
HOCHIMINH CITY (VIETNAM),"SAO TOME (S.TOME,PRINCIPE)",179
HOCHIMINH CITY (VIETNAM),YANGON (MYANMAR),22
HOCHIMINH CITY (VIETNAM),POTI (GEORGIA),60
HOCHIMINH CITY (VIETNAM),PORT-AU-PRINCE (HAITI),64
HOCHIMINH CITY (VIETNAM),ORAN (ALGERIA),39
HOCHIMINH CITY (VIETNAM),NOUAKCHOTT (MAURITANIA),51
HOCHIMINH CITY (VIETNAM),MANILA (PHILIPPINES),13
HOCHIMINH CITY (VIETNAM),LOME (TOGO),38
HOCHIMINH CITY (VIETNAM),LATTAKIA (SYRIA),27
HOCHIMINH CITY (VIETNAM),DOUALA (CAMEROON),68
HOCHIMINH CITY (VIETNAM),DALIAN (CHINA),17
HOCHIMINH CITY (VIETNAM),DILI (TIMOR-LESTE),13
HOCHIMINH CITY (VIETNAM),DAKAR (SENEGAL),43
HOCHIMINH CITY (VIETNAM),COTONOU (BENIN),45
HOCHIMINH CITY (VIETNAM),CONAKRY (GUINEA),45
HOCHIMINH CITY (VIETNAM),CAP HAITIEN (HAITI),42
HOCHIMINH CITY (VIETNAM),BANJUL (GAMBIA),47
HOCHIMINH CITY (VIETNAM),BEIRA (MOZAMBIQUE),74
HOCHIMINH CITY (VIETNAM),ADEN (YEMEN),17
HOCHIMINH CITY (VIETNAM),ABIDJAN (CÔTE D'IVOIRE),39
HOUSTON (USA),LAS PALMAS (SPAIN),17
HOUSTON (USA),MOGADISHU (SOMALIA),68
HOUSTON (USA),CEBU (PHILIPPINES),65
HOUSTON (USA),MERSIN (TURKEY),0
HOUSTON (USA),TEMA (GHANA),412
HOUSTON (USA),BEIRUT (LEBANON),23
HOUSTON (USA),DAKAR (SENEGAL),27
HOUSTON (USA),NOUAKCHOTT (MAURITANIA),54
HOUSTON (USA),LOME (TOGO),38
HOUSTON (USA),PORT QASIM (PAKISTAN),37
HOUSTON (USA),CALCUTTA (INDIA),48
HOUSTON (USA),COTONOU (BENIN),41
HOUSTON (USA),CHITTAGONG (BANGLADESH),65
HOUSTON (USA),DJIBOUTI (DJIBOUTI),25
HOUSTON (USA),BERBERA (SOMALIA),38
HOUSTON (USA),SIHANOUKVILLE (CAMBODIA),118
HOUSTON (USA),GENERAL SANTOS CITY (PHILIPPINES),62
HOUSTON (USA),ALEXANDRIA (EGYPT),31
HOUSTON (USA),TRINCOMALEE (SRI LANKA),49
HOUSTON (USA),STO TOMAS CASTL (GUATEMALA),3
HOUSTON (USA),RIGA (LATVIA),29
HOUSTON (USA),PORT SUDAN (SUDAN),34
HOUSTON (USA),PORT-AU-PRINCE (HAITI),10
HOUSTON (USA),ORAN (ALGERIA),39
HOUSTON (USA),MISURATA (LIBYA),41
HOUSTON (USA),MONROVIA (LIBERIA),35
HOUSTON (USA),MOMBASA (KENYA),53
HOUSTON (USA),MATADI (DEM. REP. CONGO),67
HOUSTON (USA),LAEM CHABANG (THAILAND),51
HOUSTON (USA),KARACHI (PAKISTAN),35
HOUSTON (USA),JACMEL (HAITI),7
HOUSTON (USA),HODEIDAH (YEMEN),39
HOUSTON (USA),GUAYAQUIL (ECUADOR),15
HOUSTON (USA),FREETOWN (SIERRA LEONE),75
HOUSTON (USA),DURBAN (SOUTH AFRICA),46
HOUSTON (USA),DOUALA (CAMEROON),42
HOUSTON (USA),DAR-ES-SALAAM (TANZANIA),52
HOUSTON (USA),COLOMBO (SRI LANKA),35
HOUSTON (USA),CAP HAITIEN (HAITI),11
HOUSTON (USA),BARRANQUILLA (COLOMBIA),11
HOUSTON (USA),BENGHAZI (LIBYA),21
HOUSTON (USA),BANGKOK (THAILAND),64
HOUSTON (USA),BEIRA (MOZAMBIQUE),68
HOUSTON (USA),ASHDOD (ISRAEL),24
HOUSTON (USA),ABIDJAN (CÔTE D'IVOIRE),31
HSIA-MEN (AMOY) (CHINA),SIHANOUKVILLE (CAMBODIA),11
HUELVA (SPAIN),DJIBOUTI (DJIBOUTI),17
IL'ICHEVSK (UKRAINE),HUNGNAM (DPR KOREA),49
IL'ICHEVSK (UKRAINE),TULIARY (MADAGASCAR),83
IL'ICHEVSK (UKRAINE),DJIBOUTI (DJIBOUTI),17
IL'ICHEVSK (UKRAINE),ASHDOD (ISRAEL),7
IL'ICHEVSK (UKRAINE),PORT SUDAN (SUDAN),29
IL'ICHEVSK (UKRAINE),POINTE NOIRE (CONGO (BRAZZAV)),25
IL'ICHEVSK (UKRAINE),MATADI (DEM. REP. CONGO),44
IL'ICHEVSK (UKRAINE),FREETOWN (SIERRA LEONE),38
IL'ICHEVSK (UKRAINE),DAKAR (SENEGAL),37
IL'ICHEVSK (UKRAINE),CONAKRY (GUINEA),37
IL'ICHEVSK (UKRAINE),CHONGJIN (DPR KOREA),47
IL'ICHEVSK (UKRAINE),BANJUL (GAMBIA),28
IL'ICHEVSK (UKRAINE),BEIRA (MOZAMBIQUE),93
ISKENDERUN (TURKEY),LATTAKIA (SYRIA),7
ISKENDERUN (TURKEY),FREETOWN (SIERRA LEONE),51
ISKENDERUN (TURKEY),BEIRUT (LEBANON),4
ISKENDERUN (TURKEY),TARTOUS (SYRIA),25
ISTANBUL (TURKEY),LATTAKIA (SYRIA),16
ISTANBUL (TURKEY),TARTOUS (SYRIA),8
ISTANBUL (TURKEY),DJIBOUTI (DJIBOUTI),18
ISTANBUL (TURKEY),ASHDOD (ISRAEL),7
ISTANBUL (TURKEY),POTI (GEORGIA),5
ISTANBUL (TURKEY),PORT SUDAN (SUDAN),27
ISTANBUL (TURKEY),PRAIA (CAPE VERDE),61
ISTANBUL (TURKEY),ORAN (ALGERIA),20
ISTANBUL (TURKEY),MOMBASA (KENYA),37
ISTANBUL (TURKEY),DOUALA (CAMEROON),32
ISTANBUL (TURKEY),AQABA (JORDAN),22
ITAJAI (BRAZIL),PORT-AU-PRINCE (HAITI),32
IZMIR (TURKEY),STO TOMAS CASTL (GUATEMALA),44
IZMIR (TURKEY),CORINTO (NICARAGUA),39
IZMIR (TURKEY),ACAJUTLA (EL SALVADOR),47
IZMIR (TURKEY),FREETOWN (SIERRA LEONE),44
IZMIR (TURKEY),CALCUTTA (INDIA),34
IZMIR (TURKEY),CHITTAGONG (BANGLADESH),51
IZMIR (TURKEY),BEIRA (MOZAMBIQUE),60
IZMIR (TURKEY),BEIRUT (LEBANON),18
IZMIR (TURKEY),WALVIS BAY (NAMIBIA),58
IZMIR (TURKEY),BANGKOK (THAILAND),179
IZMIR (TURKEY),PORT QASIM (PAKISTAN),24
IZMIR (TURKEY),RIGA (LATVIA),32
IZMIR (TURKEY),TRIPOLI (LIBYA),29
IZMIR (TURKEY),BENGHAZI (LIBYA),31
IZMIR (TURKEY),SFAX (TUNISIA),13
IZMIR (TURKEY),DJIBOUTI (DJIBOUTI),32
IZMIR (TURKEY),MONROVIA (LIBERIA),38
IZMIR (TURKEY),TEMA (GHANA),29
IZMIR (TURKEY),MISURATA (LIBYA),5
IZMIR (TURKEY),LAEM CHABANG (THAILAND),44
IZMIR (TURKEY),TOAMASINA (MADAGASCAR),34
IZMIR (TURKEY),TARTOUS (SYRIA),17
IZMIR (TURKEY),POTI (GEORGIA),18
IZMIR (TURKEY),PORT SUDAN (SUDAN),26
IZMIR (TURKEY),PORT-AU-PRINCE (HAITI),54
IZMIR (TURKEY),PUERTO CORTEZ (HONDURAS),50
IZMIR (TURKEY),ORAN (ALGERIA),19
IZMIR (TURKEY),NOUAKCHOTT (MAURITANIA),36
IZMIR (TURKEY),MOMBASA (KENYA),53
IZMIR (TURKEY),LATTAKIA (SYRIA),15
IZMIR (TURKEY),KARACHI (PAKISTAN),44
IZMIR (TURKEY),HODEIDAH (YEMEN),35
IZMIR (TURKEY),DOUALA (CAMEROON),26
IZMIR (TURKEY),DAKAR (SENEGAL),25
IZMIR (TURKEY),CAP HAITIEN (HAITI),81
IZMIR (TURKEY),BANDAR'ABBAS (IRAN),35
IZMIR (TURKEY),ASHDOD (ISRAEL),5
IZMIR (TURKEY),AQABA (JORDAN),32
JACINTO CITY (USA),TEMA (GHANA),42
JACINTO CITY (USA),NOUAKCHOTT (MAURITANIA),32
JACINTO CITY (USA),PORT SUDAN (SUDAN),24
JACINTO CITY (USA),DAKAR (SENEGAL),16
JACINTO CITY (USA),PORT QASIM (PAKISTAN),18
JACINTO CITY (USA),ORAN (ALGERIA),0
JACINTO CITY (USA),BENGHAZI (LIBYA),0
JACINTO CITY (USA),DJIBOUTI (DJIBOUTI),21
JACINTO CITY (USA),MONROVIA (LIBERIA),14
JACINTO CITY (USA),LOME (TOGO),32
JACINTO CITY (USA),BARRANQUILLA (COLOMBIA),9
JACINTO CITY (USA),GUAYAQUIL (ECUADOR),17
JACINTO CITY (USA),KARACHI (PAKISTAN),74
JACINTO CITY (USA),PORT-AU-PRINCE (HAITI),12
JACINTO CITY (USA),MOMBASA (KENYA),41
JACINTO CITY (USA),MATADI (DEM. REP. CONGO),81
JACINTO CITY (USA),HODEIDAH (YEMEN),26
JACINTO CITY (USA),DURBAN (SOUTH AFRICA),28
JACINTO CITY (USA),DOUALA (CAMEROON),45
JACINTO CITY (USA),DAR-ES-SALAAM (TANZANIA),39
JACINTO CITY (USA),COTONOU (BENIN),28
JACINTO CITY (USA),CAP HAITIEN (HAITI),14
JACINTO CITY (USA),BEIRA (MOZAMBIQUE),36
JACINTO CITY (USA),ASHDOD (ISRAEL),27
JACINTO CITY (USA),ABIDJAN (CÔTE D'IVOIRE),26
JACKSONVILLE (USA),PORT-AU-PRINCE (HAITI),4
JAKARTA (INDONESIA),DOUALA (CAMEROON),50
JAKARTA (INDONESIA),DAR-ES-SALAAM (TANZANIA),33
JEBEL ALI (UTD.ARAB EMIR.),YANGON (MYANMAR),50
JEBEL ALI (UTD.ARAB EMIR.),ADEN (YEMEN),27
JEBEL ALI (UTD.ARAB EMIR.),BANDAR'ABBAS (IRAN),6
JEBEL ALI (UTD.ARAB EMIR.),LATTAKIA (SYRIA),214
JEBEL ALI (UTD.ARAB EMIR.),UMM QASR (IRAQ),5
JEBEL ALI (UTD.ARAB EMIR.),DAR-ES-SALAAM (TANZANIA),10
JEBEL ALI (UTD.ARAB EMIR.),BEIRUT (LEBANON),23
JEBEL ALI (UTD.ARAB EMIR.),TARTOUS (SYRIA),32
JEBEL ALI (UTD.ARAB EMIR.),ACAJUTLA (EL SALVADOR),56
JEBEL ALI (UTD.ARAB EMIR.),PORT QASIM (PAKISTAN),4
JEBEL ALI (UTD.ARAB EMIR.),CALCUTTA (INDIA),25
JEBEL ALI (UTD.ARAB EMIR.),MANILA (PHILIPPINES),22
JEBEL ALI (UTD.ARAB EMIR.),AQABA (JORDAN),15
JEBEL ALI (UTD.ARAB EMIR.),DJIBOUTI (DJIBOUTI),9
JEBEL ALI (UTD.ARAB EMIR.),TOAMASINA (MADAGASCAR),19
JEBEL ALI (UTD.ARAB EMIR.),PORT SUDAN (SUDAN),18
JEBEL ALI (UTD.ARAB EMIR.),MOMBASA (KENYA),15
JEBEL ALI (UTD.ARAB EMIR.),KARACHI (PAKISTAN),5
JEBEL ALI (UTD.ARAB EMIR.),COLOMBO (SRI LANKA),13
JIDDAH (SAUDI ARABIA),TARTOUS (SYRIA),12
JIDDAH (SAUDI ARABIA),BEIRUT (LEBANON),9
KAKINADA (INDIA),LOME (TOGO),55
KAKINADA (INDIA),DOUALA (CAMEROON),66
KAKINADA (INDIA),COTONOU (BENIN),75
KAKINADA (INDIA),DAKAR (SENEGAL),37
KAKINADA (INDIA),DAR-ES-SALAAM (TANZANIA),7
KAKINADA (INDIA),DJIBOUTI (DJIBOUTI),14
KAKINADA (INDIA),NAMPO (DPR KOREA),21
KAKINADA (INDIA),MOMBASA (KENYA),17
KAKINADA (INDIA),BERBERA (SOMALIA),21
KALAMA (USA),PORT QASIM (PAKISTAN),37
KALAMA (USA),DJIBOUTI (DJIBOUTI),45
KANDLA (INDIA),NAMPO (DPR KOREA),40
KANDLA (INDIA),DAR-ES-SALAAM (TANZANIA),26
KANDLA (INDIA),PORT SUDAN (SUDAN),25
KANDLA (INDIA),"SAO TOME (S.TOME,PRINCIPE)",66
KANDLA (INDIA),TOAMASINA (MADAGASCAR),28
KANDLA (INDIA),DJIBOUTI (DJIBOUTI),8
KANDLA (INDIA),COLOMBO (SRI LANKA),20
KANDLA (INDIA),ABIDJAN (CÔTE D'IVOIRE),35
KARACHI (PAKISTAN),HODEIDAH (YEMEN),20
KARACHI (PAKISTAN),DALIAN (CHINA),27
KARACHI (PAKISTAN),DJIBOUTI (DJIBOUTI),13
KARACHI (PAKISTAN),TEMA (GHANA),44
KARACHI (PAKISTAN),TOAMASINA (MADAGASCAR),51
KARACHI (PAKISTAN),SURABAYA (INDONESIA),22
KARACHI (PAKISTAN),SIHANOUKVILLE (CAMBODIA),17
KARACHI (PAKISTAN),YANGON (MYANMAR),34
KARACHI (PAKISTAN),POTI (GEORGIA),68
KARACHI (PAKISTAN),PRAIA (CAPE VERDE),51
KARACHI (PAKISTAN),PORT-AU-PRINCE (HAITI),51
KARACHI (PAKISTAN),POINTE NOIRE (CONGO (BRAZZAV)),49
KARACHI (PAKISTAN),ORAN (ALGERIA),33
KARACHI (PAKISTAN),NOUAKCHOTT (MAURITANIA),71
KARACHI (PAKISTAN),NACALA (MOZAMBIQUE),36
KARACHI (PAKISTAN),MAPUTO (MOZAMBIQUE),39
KARACHI (PAKISTAN),LOME (TOGO),62
KARACHI (PAKISTAN),DOUALA (CAMEROON),49
KARACHI (PAKISTAN),COTONOU (BENIN),64
KARACHI (PAKISTAN),CONAKRY (GUINEA),59
KARACHI (PAKISTAN),COLOMBO (SRI LANKA),7
KARACHI (PAKISTAN),CHITTAGONG (BANGLADESH),14
KARACHI (PAKISTAN),CAP HAITIEN (HAITI),75
KARACHI (PAKISTAN),BANJUL (GAMBIA),42
KARACHI (PAKISTAN),BEIRA (MOZAMBIQUE),393
KARACHI (PAKISTAN),ADEN (YEMEN),16
KARACHI (PAKISTAN),ABIDJAN (CÔTE D'IVOIRE),57
KERCH (UKRAINE),MOMBASA (KENYA),20
KERCH (UKRAINE),DJIBOUTI (DJIBOUTI),14
KERCH (UKRAINE),HODEIDAH (YEMEN),13
KERCH (UKRAINE),BENGHAZI (LIBYA),10
KERCH (UKRAINE),ASHDOD (ISRAEL),8
KISSY (SIERRA LEONE),FREETOWN (SIERRA LEONE),0
KISSY (SIERRA LEONE),MONROVIA (LIBERIA),0
KLAIPEDA (LITHUANIA),TRINCOMALEE (SRI LANKA),30
KLAIPEDA (LITHUANIA),PORT SUDAN (SUDAN),38
KLAIPEDA (LITHUANIA),NAMPO (DPR KOREA),77
KOBE (JAPAN),SIHANOUKVILLE (CAMBODIA),18
KOBE (JAPAN),DOUALA (CAMEROON),63
KOBE (JAPAN),CALCUTTA (INDIA),40
KOBE (JAPAN),"SAO TOME (S.TOME,PRINCIPE)",69
KOBE (JAPAN),MOMBASA (KENYA),27
KOBE (JAPAN),DAR-ES-SALAAM (TANZANIA),52
KOBE (JAPAN),CORINTO (NICARAGUA),36
KOBE (JAPAN),BISSAU (GUINEA-BISSAU),79
KOBE (JAPAN),BANGKOK (THAILAND),14
KOHSICHANG (THAILAND),TACLOBAN (PHILIPPINES),12
KOKOYAH  (LIBERIA),MONROVIA (LIBERIA),0
KOPER (SLOVENIA),AQABA (JORDAN),23
KOPER (SLOVENIA),HODEIDAH (YEMEN),50
LA SPEZIA (ITALY),BENGHAZI (LIBYA),4
LA SPEZIA (ITALY),ORAN (ALGERIA),4
LA SPEZIA (ITALY),BISSAU (GUINEA-BISSAU),40
LAEM CHABANG (THAILAND),"SAO TOME (S.TOME,PRINCIPE)",70
LAEM CHABANG (THAILAND),POLLOC (PHILIPPINES),19
LAEM CHABANG (THAILAND),TARTOUS (SYRIA),28
LAEM CHABANG (THAILAND),MANILA (PHILIPPINES),11
LAEM CHABANG (THAILAND),CHITTAGONG (BANGLADESH),34
LAEM CHABANG (THAILAND),CAUCEDO (DOMINICAN REP.),40
LAEM CHABANG (THAILAND),BANDAR'ABBAS (IRAN),30
LAEM CHABANG (THAILAND),BARRANQUILLA (COLOMBIA),35
LAKE CHARLES (USA),TEMA (GHANA),33
LAKE CHARLES (USA),PORT QASIM (PAKISTAN),25
LAKE CHARLES (USA),DURBAN (SOUTH AFRICA),47
LAKE CHARLES (USA),HODEIDAH (YEMEN),26
LAKE CHARLES (USA),ABIDJAN (CÔTE D'IVOIRE),42
LAKE CHARLES (USA),LOME (TOGO),12
LAKE CHARLES (USA),BEIRA (MOZAMBIQUE),37
LAKE CHARLES (USA),SIHANOUKVILLE (CAMBODIA),51
LAKE CHARLES (USA),MONROVIA (LIBERIA),20
LAKE CHARLES (USA),DJIBOUTI (DJIBOUTI),13
LAKE CHARLES (USA),PORT-AU-PRINCE (HAITI),13
LAKE CHARLES (USA),MOMBASA (KENYA),31
LAKE CHARLES (USA),GONAIVES (HAITI),9
LAKE CHARLES (USA),DOUALA (CAMEROON),47
LAKE CHARLES (USA),DAR-ES-SALAAM (TANZANIA),37
LAKE CHARLES (USA),DAKAR (SENEGAL),42
LAKE CHARLES (USA),COTONOU (BENIN),22
LAKE CHARLES (USA),CONAKRY (GUINEA),52
LAKE CHARLES (USA),CAP HAITIEN (HAITI),18
LAKE CHARLES (USA),BARRANQUILLA (COLOMBIA),17
LAS PALMAS (SPAIN),CONAKRY (GUINEA),8
LAS PALMAS (SPAIN),NOUAKCHOTT (MAURITANIA),23
LAS PALMAS (SPAIN),COTONOU (BENIN),31
LAS PALMAS (SPAIN),DAKAR (SENEGAL),6
LAS PALMAS (SPAIN),LOME (TOGO),12
LAS PALMAS (SPAIN),TEMA (GHANA),11
LAS PALMAS (SPAIN),DOUALA (CAMEROON),21
LAS PALMAS (SPAIN),ORAN (ALGERIA),19
LAUTOKA (FIJI),ORAN (ALGERIA),15
LE HAVRE (FRANCE),BISSAU (GUINEA-BISSAU),48
LE HAVRE (FRANCE),BEIRUT (LEBANON),18
LE HAVRE (FRANCE),TULIARY (MADAGASCAR),73
LE HAVRE (FRANCE),BEIRA (MOZAMBIQUE),56
LE HAVRE (FRANCE),MATADI (DEM. REP. CONGO),27
LE HAVRE (FRANCE),DAVAO (PHILIPPINES),51
LE HAVRE (FRANCE),ORAN (ALGERIA),15
LE HAVRE (FRANCE),CHITTAGONG (BANGLADESH),39
LE HAVRE (FRANCE),ABIDJAN (CÔTE D'IVOIRE),21
LE HAVRE (FRANCE),JEBEL ALI (UTD.ARAB EMIR.),28
LE HAVRE (FRANCE),NOUAKCHOTT (MAURITANIA),21
LE HAVRE (FRANCE),PORT QASIM (PAKISTAN),24
LE HAVRE (FRANCE),POLLOC (PHILIPPINES),48
LE HAVRE (FRANCE),DUBAI (UTD.ARAB EMIR.),52
LE HAVRE (FRANCE),MONROVIA (LIBERIA),21
LE HAVRE (FRANCE),AQABA (JORDAN),27
LE HAVRE (FRANCE),POINTE NOIRE (CONGO (BRAZZAV)),24
LE HAVRE (FRANCE),DAR-ES-SALAAM (TANZANIA),57
LE HAVRE (FRANCE),BANGKOK (THAILAND),49
LE HAVRE (FRANCE),PORT-AU-PRINCE (HAITI),42
LE HAVRE (FRANCE),DJIBOUTI (DJIBOUTI),28
LE HAVRE (FRANCE),MOMBASA (KENYA),39
LE HAVRE (FRANCE),LOME (TOGO),21
LE HAVRE (FRANCE),KARACHI (PAKISTAN),36
LE HAVRE (FRANCE),HODEIDAH (YEMEN),34
LE HAVRE (FRANCE),DOUALA (CAMEROON),35
LE HAVRE (FRANCE),DAKAR (SENEGAL),16
LE HAVRE (FRANCE),COTONOU (BENIN),27
LE HAVRE (FRANCE),COLOMBO (SRI LANKA),29
LE HAVRE (FRANCE),BERBERA (SOMALIA),43
LIVORNO (ITALY),SANTIAGO D CUBA (CUBA),45
LIVORNO (ITALY),DAKAR (SENEGAL),14
LOFA (LIBERIA),MONROVIA (LIBERIA),0
LOME (TOGO),LOME (TOGO),0
LOME (TOGO),MATADI (DEM. REP. CONGO),87
LOME (TOGO),MONROVIA (LIBERIA),47
LOME (TOGO),DOUALA (CAMEROON),44
LOME (TOGO),BERBERA (SOMALIA),56
LONGVIEW (USA),PORT QASIM (PAKISTAN),49
LOS ANGELES (USA),AQABA (JORDAN),49
LOS ANGELES (USA),DAKAR (SENEGAL),51
LOS ANGELES (USA),POLLOC (PHILIPPINES),46
LOS ANGELES (USA),CALCUTTA (INDIA),41
LOS ANGELES (USA),SIHANOUKVILLE (CAMBODIA),41
LOS ANGELES (USA),CHITTAGONG (BANGLADESH),39
LOS ANGELES (USA),HODEIDAH (YEMEN),45
LOS ANGELES (USA),KARACHI (PAKISTAN),43
LOS ANGELES (USA),GENERAL SANTOS CITY (PHILIPPINES),58
LOS ANGELES (USA),MANILA (PHILIPPINES),36
LOS ANGELES (USA),LAEM CHABANG (THAILAND),28
LOS ANGELES (USA),GUAYAQUIL (ECUADOR),205
LOS ANGELES (USA),BANGKOK (THAILAND),37
MALAUNAY (FRANCE),BANGKOK (THAILAND),34
MELBOURNE (AUSTRALIA),SIHANOUKVILLE (CAMBODIA),22
MELBOURNE (AUSTRALIA),MOMBASA (KENYA),42
MEMPHIS (USA),PORT QASIM (PAKISTAN),26
MERSIN (TURKEY),TULIARY (MADAGASCAR),35
MERSIN (TURKEY),BARRANQUILLA (COLOMBIA),47
MERSIN (TURKEY),DAR-ES-SALAAM (TANZANIA),55
MERSIN (TURKEY),BISSAU (GUINEA-BISSAU),54
MERSIN (TURKEY),TOAMASINA (MADAGASCAR),31
MERSIN (TURKEY),CONAKRY (GUINEA),29
MERSIN (TURKEY),BANJUL (GAMBIA),31
MERSIN (TURKEY),CHITTAGONG (BANGLADESH),58
MERSIN (TURKEY),COLOMBO (SRI LANKA),27
MERSIN (TURKEY),DAVAO (PHILIPPINES),40
MERSIN (TURKEY),POLLOC (PHILIPPINES),43
MERSIN (TURKEY),BEIRA (MOZAMBIQUE),61
MERSIN (TURKEY),BEIRUT (LEBANON),8
MERSIN (TURKEY),BANGKOK (THAILAND),45
MERSIN (TURKEY),BANDAR'ABBAS (IRAN),56
MERSIN (TURKEY),PORT QASIM (PAKISTAN),31
MERSIN (TURKEY),CALCUTTA (INDIA),51
MERSIN (TURKEY),DAKAR (SENEGAL),27
MERSIN (TURKEY),POINTE NOIRE (CONGO (BRAZZAV)),32
MERSIN (TURKEY),LOME (TOGO),33
MERSIN (TURKEY),TRIPOLI (LIBYA),25
MERSIN (TURKEY),COTONOU (BENIN),46
MERSIN (TURKEY),"SAO TOME (S.TOME,PRINCIPE)",61
MERSIN (TURKEY),MATADI (DEM. REP. CONGO),86
MERSIN (TURKEY),DOUALA (CAMEROON),40
MERSIN (TURKEY),SFAX (TUNISIA),21
MERSIN (TURKEY),BENGHAZI (LIBYA),20
MERSIN (TURKEY),DJIBOUTI (DJIBOUTI),25
MERSIN (TURKEY),TEMA (GHANA),36
MERSIN (TURKEY),TARTOUS (SYRIA),7
MERSIN (TURKEY),RIGA (LATVIA),22
MERSIN (TURKEY),POTI (GEORGIA),19
MERSIN (TURKEY),PORT SUDAN (SUDAN),28
MERSIN (TURKEY),ORAN (ALGERIA),23
MERSIN (TURKEY),NOUAKCHOTT (MAURITANIA),42
MERSIN (TURKEY),MONROVIA (LIBERIA),39
MERSIN (TURKEY),MOMBASA (KENYA),48
MERSIN (TURKEY),LATTAKIA (SYRIA),13
MERSIN (TURKEY),HODEIDAH (YEMEN),32
MERSIN (TURKEY),FREETOWN (SIERRA LEONE),37
MERSIN (TURKEY),ASHDOD (ISRAEL),6
MERSIN (TURKEY),AQABA (JORDAN),22
MERSIN (TURKEY),ALGIERS (ALGERIA),26
MERSIN (TURKEY),ADEN (YEMEN),35
MIAMI (USA),DAKAR (SENEGAL),31
MIAMI (USA),RIO HAINA (DOMINICAN REP.),6
MIAMI (USA),PORT-AU-PRINCE (HAITI),5
MOBILE (USA),PORT-AU-PRINCE (HAITI),9
MOJI (JAPAN),CHITTAGONG (BANGLADESH),21
MOMBASA (KENYA),KISMAYU (SOMALIA),3
MOMBASA (KENYA),COLOMBO (SRI LANKA),33
MOMBASA (KENYA),PORT SUDAN (SUDAN),21
MOMBASA (KENYA),BEIRA (MOZAMBIQUE),22
MOMBASA (KENYA),DAR-ES-SALAAM (TANZANIA),10
MOMBASA (KENYA),DJIBOUTI (DJIBOUTI),16
MOMBASA (KENYA),MOGADISHU (SOMALIA),15
MOMBASA (KENYA),DOUALA (CAMEROON),38
MOMBASA (KENYA),BERBERA (SOMALIA),18
MONROVIA (LIBERIA),FREETOWN (SIERRA LEONE),0
MONROVIA (LIBERIA),MONROVIA (LIBERIA),0
MONROVIA (LIBERIA),HARPER (LIBERIA),0
MONTEVIDEO (URUGUAY),PORT-AU-PRINCE (HAITI),66
MONTEVIDEO (URUGUAY),PUERTO CORTEZ (HONDURAS),35
MONTEVIDEO (URUGUAY),ACAJUTLA (EL SALVADOR),42
MONTOIR (FRANCE),ORAN (ALGERIA),23
MONTREAL (CANADA),PORT QASIM (PAKISTAN),43
MONTREAL (CANADA),CALCUTTA (INDIA),58
MONTREAL (CANADA),CARTAGENA (COLOMBIA),21
MONTREAL (CANADA),TEMA (GHANA),54
MONTREAL (CANADA),DJIBOUTI (DJIBOUTI),43
MONTREAL (CANADA),TOLAGNARO (MADAGASCAR),62
MONTREAL (CANADA),TOAMASINA (MADAGASCAR),50
MONTREAL (CANADA),TARTOUS (SYRIA),37
MONTREAL (CANADA),SIHANOUKVILLE (CAMBODIA),48
MONTREAL (CANADA),RIGA (LATVIA),25
MONTREAL (CANADA),POTI (GEORGIA),36
MONTREAL (CANADA),PORT SUDAN (SUDAN),37
MONTREAL (CANADA),PRAIA (CAPE VERDE),53
MONTREAL (CANADA),PORT-AU-PRINCE (HAITI),22
MONTREAL (CANADA),POINTE NOIRE (CONGO (BRAZZAV)),51
MONTREAL (CANADA),PUERTO CORTEZ (HONDURAS),21
MONTREAL (CANADA),ORAN (ALGERIA),28
MONTREAL (CANADA),NOUAKCHOTT (MAURITANIA),49
MONTREAL (CANADA),MONROVIA (LIBERIA),49
MONTREAL (CANADA),MOMBASA (KENYA),60
MONTREAL (CANADA),MATADI (DEM. REP. CONGO),66
MONTREAL (CANADA),LOME (TOGO),45
MONTREAL (CANADA),KARACHI (PAKISTAN),34
MONTREAL (CANADA),HODEIDAH (YEMEN),48
MONTREAL (CANADA),FREETOWN (SIERRA LEONE),35
MONTREAL (CANADA),DURBAN (SOUTH AFRICA),44
MONTREAL (CANADA),DOUALA (CAMEROON),50
MONTREAL (CANADA),DALIAN (CHINA),46
MONTREAL (CANADA),DAR-ES-SALAAM (TANZANIA),63
MONTREAL (CANADA),DAKAR (SENEGAL),32
MONTREAL (CANADA),COTONOU (BENIN),48
MONTREAL (CANADA),CORINTO (NICARAGUA),46
MONTREAL (CANADA),CONAKRY (GUINEA),50
MONTREAL (CANADA),COLOMBO (SRI LANKA),51
MONTREAL (CANADA),CHITTAGONG (BANGLADESH),55
MONTREAL (CANADA),CAP HAITIEN (HAITI),41
MONTREAL (CANADA),BANDAR'ABBAS (IRAN),40
MONTREAL (CANADA),BANJUL (GAMBIA),44
MONTREAL (CANADA),BEIRA (MOZAMBIQUE),81
MONTREAL (CANADA),BERBERA (SOMALIA),48
MONTREAL (CANADA),ASHDOD (ISRAEL),24
MONTREAL (CANADA),ADEN (YEMEN),46
MONTREAL (CANADA),ABIDJAN (CÔTE D'IVOIRE),41
MUMBAI (INDIA),MOMBASA (KENYA),13
MUMBAI (INDIA),TEMA (GHANA),44
MUMBAI (INDIA),MOGADISHU (SOMALIA),27
MUNDRA (INDIA),LOME (TOGO),68
MUNDRA (INDIA),JEBEL ALI (UTD.ARAB EMIR.),29
MUNDRA (INDIA),DURBAN (SOUTH AFRICA),21
MUNDRA (INDIA),BEIRUT (LEBANON),15
MUNDRA (INDIA),BISSAU (GUINEA-BISSAU),77
MUNDRA (INDIA),BARRANQUILLA (COLOMBIA),48
MUNDRA (INDIA),MATADI (DEM. REP. CONGO),48
MUNDRA (INDIA),HODEIDAH (YEMEN),31
MUNDRA (INDIA),NAMPO (DPR KOREA),22
MUNDRA (INDIA),PORT QASIM (PAKISTAN),17
MUNDRA (INDIA),POLLOC (PHILIPPINES),46
MUNDRA (INDIA),BERBERA (SOMALIA),20
MUNDRA (INDIA),POINTE NOIRE (CONGO (BRAZZAV)),55
MUNDRA (INDIA),MONROVIA (LIBERIA),50
MUNDRA (INDIA),NOUAKCHOTT (MAURITANIA),50
MUNDRA (INDIA),KARACHI (PAKISTAN),2
MUNDRA (INDIA),MOMBASA (KENYA),25
MUNDRA (INDIA),DALIAN (CHINA),36
MUNDRA (INDIA),DAR-ES-SALAAM (TANZANIA),25
MUNDRA (INDIA),DJIBOUTI (DJIBOUTI),11
MUNDRA (INDIA),TEMA (GHANA),49
MUNDRA (INDIA),TOAMASINA (MADAGASCAR),40
MUNDRA (INDIA),TARTOUS (SYRIA),40
MUNDRA (INDIA),"SAO TOME (S.TOME,PRINCIPE)",67
MUNDRA (INDIA),YANGON (MYANMAR),29
MUNDRA (INDIA),PORT-AU-PRINCE (HAITI),69
MUNDRA (INDIA),ORAN (ALGERIA),26
MUNDRA (INDIA),DOUALA (CAMEROON),47
MUNDRA (INDIA),DAKAR (SENEGAL),35
MUNDRA (INDIA),COTONOU (BENIN),39
MUNDRA (INDIA),CONAKRY (GUINEA),47
MUNDRA (INDIA),COLOMBO (SRI LANKA),6
MUNDRA (INDIA),CHITTAGONG (BANGLADESH),34
MUNDRA (INDIA),CAP HAITIEN (HAITI),90
MUNDRA (INDIA),BANJUL (GAMBIA),40
MUNDRA (INDIA),BANGKOK (THAILAND),24
MUNDRA (INDIA),BEIRA (MOZAMBIQUE),51
MUNDRA (INDIA),ADEN (YEMEN),16
MUNDRA (INDIA),ABIDJAN (CÔTE D'IVOIRE),53
MUSCAT (OMAN),PORT-AU-PRINCE (HAITI),99
MUSCAT (OMAN),YANGON (MYANMAR),41
MUSCAT (OMAN),PORT QASIM (PAKISTAN),13
MUSCAT (OMAN),AQABA (JORDAN),27
MUSCAT (OMAN),TARTOUS (SYRIA),37
MY THOI PORT (VIETNAM),POLLOC (PHILIPPINES),11
MYRTLE COVE (USA),HODEIDAH (YEMEN),31
NACALA (MOZAMBIQUE),DALIAN (CHINA),40
NACALA (MOZAMBIQUE),MOMBASA (KENYA),60
NACALA (MOZAMBIQUE),DOUALA (CAMEROON),8
NAGOYA (JAPAN),BANGKOK (THAILAND),28
NAGOYA (JAPAN),POLLOC (PHILIPPINES),15
NAGOYA (JAPAN),SURABAYA (INDONESIA),26
NAGOYA (JAPAN),LAEM CHABANG (THAILAND),24
NAGOYA (JAPAN),DOUALA (CAMEROON),51
NAGOYA (JAPAN),CORINTO (NICARAGUA),32
NAKHODKA (RUSSIA),CHONGJIN (DPR KOREA),3
NANTES (FRANCE),ASHDOD (ISRAEL),16
NAPOLI (ITALY),TARTOUS (SYRIA),10
NEW ORLEANS (USA),GUAYAQUIL (ECUADOR),16
NEW YORK (USA),JEBEL ALI (UTD.ARAB EMIR.),56
NEW YORK (USA),BERBERA (SOMALIA),52
NEW YORK (USA),BEIRUT (LEBANON),31
NEW YORK (USA),DAKAR (SENEGAL),36
NEW YORK (USA),NOUAKCHOTT (MAURITANIA),50
NEW YORK (USA),POLLOC (PHILIPPINES),49
NEW YORK (USA),MATADI (DEM. REP. CONGO),109
NEW YORK (USA),HODEIDAH (YEMEN),52
NEW YORK (USA),TEMA (GHANA),48
NEW YORK (USA),PORT QASIM (PAKISTAN),31
NEW YORK (USA),CALCUTTA (INDIA),70
NEW YORK (USA),MONROVIA (LIBERIA),77
NEW YORK (USA),SIHANOUKVILLE (CAMBODIA),40
NEW YORK (USA),LOME (TOGO),50
NEW YORK (USA),COLOMBO (SRI LANKA),40
NEW YORK (USA),DJIBOUTI (DJIBOUTI),42
NEW YORK (USA),STO TOMAS CASTL (GUATEMALA),20
NEW YORK (USA),RIGA (LATVIA),17
NEW YORK (USA),PORT SUDAN (SUDAN),36
NEW YORK (USA),PORT-AU-PRINCE (HAITI),25
NEW YORK (USA),ORAN (ALGERIA),32
NEW YORK (USA),MOMBASA (KENYA),56
NEW YORK (USA),KARACHI (PAKISTAN),46
NEW YORK (USA),DURBAN (SOUTH AFRICA),35
NEW YORK (USA),DOUALA (CAMEROON),54
NEW YORK (USA),DAR-ES-SALAAM (TANZANIA),56
NEW YORK (USA),COTONOU (BENIN),58
NEW YORK (USA),BARRANQUILLA (COLOMBIA),12
NEW YORK (USA),BENGHAZI (LIBYA),28
NEW YORK (USA),BANGKOK (THAILAND),51
NEW YORK (USA),BEIRA (MOZAMBIQUE),59
NEW YORK (USA),ASHDOD (ISRAEL),29
NEW YORK (USA),ABIDJAN (CÔTE D'IVOIRE),37
NEWARK (USA),NOUAKCHOTT (MAURITANIA),79
NEWARK (USA),MONROVIA (LIBERIA),34
NEWARK (USA),COTONOU (BENIN),29
NEWARK (USA),COTONOU (BENIN),35
NEWARK (USA),DOUALA (CAMEROON),37
NEWARK (USA),BEIRUT (LEBANON),33
NEWARK (USA),TULIARY (MADAGASCAR),57
NEWARK (USA),PORT QASIM (PAKISTAN),23
NEWARK (USA),DOUALA (CAMEROON),39
NEWARK (USA),BARRANQUILLA (COLOMBIA),15
NEWARK (USA),GUAYAQUIL (ECUADOR),15
NEWARK (USA),GUAYAQUIL (ECUADOR),19
NEWARK (USA),LOME (TOGO),46
NEWARK (USA),CORINTO (NICARAGUA),26
NEWARK (USA),BARRANQUILLA (COLOMBIA),15
NHAVA SHEVA (INDIA),CONAKRY (GUINEA),40
NHAVA SHEVA (INDIA),DOUALA (CAMEROON),86
NHAVA SHEVA (INDIA),DAR-ES-SALAAM (TANZANIA),20
NHAVA SHEVA (INDIA),JEBEL ALI (UTD.ARAB EMIR.),379
NHAVA SHEVA (INDIA),ASHDOD (ISRAEL),17
NHAVA SHEVA (INDIA),DURBAN (SOUTH AFRICA),37
NHAVA SHEVA (INDIA),TARTOUS (SYRIA),56
NHAVA SHEVA (INDIA),ADEN (YEMEN),11
NHAVA SHEVA (INDIA),POLLOC (PHILIPPINES),40
NHAVA SHEVA (INDIA),DALIAN (CHINA),32
NHAVA SHEVA (INDIA),MOMBASA (KENYA),32
NHAVA SHEVA (INDIA),TEMA (GHANA),36
NHAVA SHEVA (INDIA),KARACHI (PAKISTAN),3
NHAVA SHEVA (INDIA),DJIBOUTI (DJIBOUTI),21
NHAVA SHEVA (INDIA),YANGON (MYANMAR),31
NHAVA SHEVA (INDIA),COTONOU (BENIN),57
NHAVA SHEVA (INDIA),COLOMBO (SRI LANKA),4
NHAVA SHEVA (INDIA),CHITTAGONG (BANGLADESH),18
NHAVA SHEVA (INDIA),BANGKOK (THAILAND),22
NIATAK (IRAN),PORT SUDAN (SUDAN),12
NIKOLAYEV PORT (UKRAINE),NOUAKCHOTT (MAURITANIA),21
NIKOLAYEV PORT (UKRAINE),PORT QASIM (PAKISTAN),15
NIKOLAYEV PORT (UKRAINE),MOMBASA (KENYA),34
NIKOLAYEV PORT (UKRAINE),DJIBOUTI (DJIBOUTI),18
NIKOLAYEV PORT (UKRAINE),PORT SUDAN (SUDAN),12
NIKOLAYEV PORT (UKRAINE),NAMPO (DPR KOREA),42
NIKOLAYEV PORT (UKRAINE),NIKOLAYEV PORT (UKRAINE),11
NIKOLAYEV PORT (UKRAINE),CHITTAGONG (BANGLADESH),36
NIKOLAYEV PORT (UKRAINE),BERBERA (SOMALIA),16
NIKOLAYEV PORT (UKRAINE),ASHDOD (ISRAEL),8
NORFOLK (USA),DAKAR (SENEGAL),31
NORFOLK (USA),BERBERA (SOMALIA),45
NORFOLK (USA),GUAYAQUIL (ECUADOR),28
NORFOLK (USA),PORT QASIM (PAKISTAN),28
NORFOLK (USA),POLLOC (PHILIPPINES),51
NORFOLK (USA),CALCUTTA (INDIA),42
NORFOLK (USA),ABIDJAN (CÔTE D'IVOIRE),54
NORFOLK (USA),CHITTAGONG (BANGLADESH),40
NORFOLK (USA),MONROVIA (LIBERIA),41
NORFOLK (USA),TEMA (GHANA),34
NORFOLK (USA),GENERAL SANTOS CITY (PHILIPPINES),46
NORFOLK (USA),DJIBOUTI (DJIBOUTI),29
NORFOLK (USA),SURABAYA (INDONESIA),49
NORFOLK (USA),SIHANOUKVILLE (CAMBODIA),44
NORFOLK (USA),RIGA (LATVIA),13
NORFOLK (USA),PORT SUDAN (SUDAN),39
NORFOLK (USA),ORAN (ALGERIA),34
NORFOLK (USA),NOUAKCHOTT (MAURITANIA),36
NORFOLK (USA),MOMBASA (KENYA),50
NORFOLK (USA),MANILA (PHILIPPINES),17
NORFOLK (USA),MATADI (DEM. REP. CONGO),59
NORFOLK (USA),LOME (TOGO),23
NORFOLK (USA),KARACHI (PAKISTAN),29
NORFOLK (USA),HODEIDAH (YEMEN),42
NORFOLK (USA),DURBAN (SOUTH AFRICA),32
NORFOLK (USA),DOUALA (CAMEROON),34
NORFOLK (USA),DILI (TIMOR-LESTE),44
NORFOLK (USA),DAR-ES-SALAAM (TANZANIA),45
NORFOLK (USA),COTONOU (BENIN),31
NORFOLK (USA),COLOMBO (SRI LANKA),34
NORFOLK (USA),BARRANQUILLA (COLOMBIA),15
NORFOLK (USA),BENGHAZI (LIBYA),20
NORFOLK (USA),BANGKOK (THAILAND),54
NORFOLK (USA),BEIRA (MOZAMBIQUE),55
NORFOLK (USA),ASHDOD (ISRAEL),23
NORFOLK (USA),ADEN (YEMEN),45
NOVOROSSIYSK (RUSSIA),FREETOWN (SIERRA LEONE),31
NOVOROSSIYSK (RUSSIA),BERBERA (SOMALIA),21
NOVOROSSIYSK (RUSSIA),POTI (GEORGIA),66
NOVOROSSIYSK (RUSSIA),PORT SUDAN (SUDAN),18
NOVOROSSIYSK (RUSSIA),DJIBOUTI (DJIBOUTI),27
OAKLAND (USA),POLLOC (PHILIPPINES),25
OAKLAND (USA),CALCUTTA (INDIA),46
OAKLAND (USA),BANGKOK (THAILAND),129
ODESSA (UKRAINE),BISSAU (GUINEA-BISSAU),56
ODESSA (UKRAINE),TOAMASINA (MADAGASCAR),38
ODESSA (UKRAINE),MATADI (DEM. REP. CONGO),47
ODESSA (UKRAINE),NOUAKCHOTT (MAURITANIA),37
ODESSA (UKRAINE),COTONOU (BENIN),44
ODESSA (UKRAINE),LOME (TOGO),30
ODESSA (UKRAINE),TEMA (GHANA),28
ODESSA (UKRAINE),DAKAR (SENEGAL),43
ODESSA (UKRAINE),ABIDJAN (CÔTE D'IVOIRE),46
ODESSA (UKRAINE),FREETOWN (SIERRA LEONE),46
ODESSA (UKRAINE),PORT QASIM (PAKISTAN),38
ODESSA (UKRAINE),CALCUTTA (INDIA),44
ODESSA (UKRAINE),POINTE NOIRE (CONGO (BRAZZAV)),60
ODESSA (UKRAINE),COLOMBO (SRI LANKA),42
ODESSA (UKRAINE),CHITTAGONG (BANGLADESH),37
ODESSA (UKRAINE),DAR-ES-SALAAM (TANZANIA),39
ODESSA (UKRAINE),POTI (GEORGIA),27
ODESSA (UKRAINE),PORT SUDAN (SUDAN),25
ODESSA (UKRAINE),MONROVIA (LIBERIA),52
ODESSA (UKRAINE),MOMBASA (KENYA),50
ODESSA (UKRAINE),DOUALA (CAMEROON),45
ODESSA (UKRAINE),DALIAN (CHINA),30
ODESSA (UKRAINE),CONAKRY (GUINEA),36
ODESSA (UKRAINE),BANJUL (GAMBIA),25
ODESSA (UKRAINE),BERBERA (SOMALIA),16
ODESSA (UKRAINE),DJIBOUTI (DJIBOUTI),26
OSAKA (JAPAN),POLLOC (PHILIPPINES),18
OSAKA (JAPAN),TOAMASINA (MADAGASCAR),52
OSAKA (JAPAN),POINTE NOIRE (CONGO (BRAZZAV)),44
OSAKA (JAPAN),MAPUTO (MOZAMBIQUE),53
OSAKA (JAPAN),DAKAR (SENEGAL),45
OSAKA (JAPAN),BISSAU (GUINEA-BISSAU),94
OSAKA (JAPAN),BANGKOK (THAILAND),24
OSAKA (JAPAN),BEIRA (MOZAMBIQUE),71
OSAKA (JAPAN),DJIBOUTI (DJIBOUTI),52
PARANAGUA (BRAZIL),PORT SUDAN (SUDAN),28
PARANAGUA (BRAZIL),BERBERA (SOMALIA),41
PARANAGUA (BRAZIL),NAMPO (DPR KOREA),51
PASIR GUDANG (MALAYSIA),TULIARY (MADAGASCAR),31
PASIR GUDANG (MALAYSIA),PORT QASIM (PAKISTAN),24
PASIR GUDANG (MALAYSIA),POLLOC (PHILIPPINES),22
PASIR GUDANG (MALAYSIA),CALCUTTA (INDIA),18
PASIR GUDANG (MALAYSIA),TEMA (GHANA),40
PASIR GUDANG (MALAYSIA),TOAMASINA (MADAGASCAR),20
PASIR GUDANG (MALAYSIA),SIHANOUKVILLE (CAMBODIA),7
PASIR GUDANG (MALAYSIA),YANGON (MYANMAR),29
PASIR GUDANG (MALAYSIA),PORT SUDAN (SUDAN),36
PASIR GUDANG (MALAYSIA),PRAIA (CAPE VERDE),73
PASIR GUDANG (MALAYSIA),MONROVIA (LIBERIA),45
PASIR GUDANG (MALAYSIA),MOMBASA (KENYA),31
PASIR GUDANG (MALAYSIA),MANILA (PHILIPPINES),7
PASIR GUDANG (MALAYSIA),MATADI (DEM. REP. CONGO),70
PASIR GUDANG (MALAYSIA),LOME (TOGO),38
PASIR GUDANG (MALAYSIA),KARACHI (PAKISTAN),20
PASIR GUDANG (MALAYSIA),HODEIDAH (YEMEN),31
PASIR GUDANG (MALAYSIA),FREETOWN (SIERRA LEONE),30
PASIR GUDANG (MALAYSIA),DURBAN (SOUTH AFRICA),30
PASIR GUDANG (MALAYSIA),DOUALA (CAMEROON),54
PASIR GUDANG (MALAYSIA),DALIAN (CHINA),20
PASIR GUDANG (MALAYSIA),DAR-ES-SALAAM (TANZANIA),31
PASIR GUDANG (MALAYSIA),DAKAR (SENEGAL),37
PASIR GUDANG (MALAYSIA),COTONOU (BENIN),45
PASIR GUDANG (MALAYSIA),CONAKRY (GUINEA),43
PASIR GUDANG (MALAYSIA),COLOMBO (SRI LANKA),12
PASIR GUDANG (MALAYSIA),CHITTAGONG (BANGLADESH),15
PASIR GUDANG (MALAYSIA),BANJUL (GAMBIA),36
PASIR GUDANG (MALAYSIA),BISSAU (GUINEA-BISSAU),55
PASIR GUDANG (MALAYSIA),BEIRA (MOZAMBIQUE),48
PASIR GUDANG (MALAYSIA),ADEN (YEMEN),19
PASIR GUDANG (MALAYSIA),ABIDJAN (CÔTE D'IVOIRE),39
PASIR GUDANG (MALAYSIA),DJIBOUTI (DJIBOUTI),26
PHNOM PEN (CAMBODIA),DURBAN (SOUTH AFRICA),27
PIPAVAV (INDIA),DALIAN (CHINA),29
PIPAVAV (INDIA),DJIBOUTI (DJIBOUTI),8
PORT ELISABETH (SOUTH AFRICA),MOMBASA (KENYA),15
PORT ELISABETH (SOUTH AFRICA),DAR-ES-SALAAM (TANZANIA),12
PORT KELANG (MALAYSIA),DALIAN (CHINA),15
PORT KELANG (MALAYSIA),CALCUTTA (INDIA),10
PORT KEMBLA (AUSTRALIA),HUNGNAM (DPR KOREA),0
PORT KEMBLA (AUSTRALIA),NAMPO (DPR KOREA),18
PORT QASIM (PAKISTAN),CAP HAITIEN (HAITI),55
PORT QASIM (PAKISTAN),FREETOWN (SIERRA LEONE),83
PORT QASIM (PAKISTAN),DALIAN (CHINA),28
PORT QASIM (PAKISTAN),TOLAGNARO (MADAGASCAR),65
PORT QASIM (PAKISTAN),PORT-AU-PRINCE (HAITI),55
PORT QASIM (PAKISTAN),DURBAN (SOUTH AFRICA),17
PORT QASIM (PAKISTAN),MOMBASA (KENYA),17
PORT QASIM (PAKISTAN),TULIARY (MADAGASCAR),45
PORT QASIM (PAKISTAN),SIHANOUKVILLE (CAMBODIA),18
PORT QASIM (PAKISTAN),MONROVIA (LIBERIA),39
PORT QASIM (PAKISTAN),DAKAR (SENEGAL),40
PORT QASIM (PAKISTAN),DAR-ES-SALAAM (TANZANIA),18
PORT QASIM (PAKISTAN),TEMA (GHANA),56
PORT QASIM (PAKISTAN),TOAMASINA (MADAGASCAR),26
PORT QASIM (PAKISTAN),"SAO TOME (S.TOME,PRINCIPE)",40
PORT QASIM (PAKISTAN),POINTE NOIRE (CONGO (BRAZZAV)),47
PORT QASIM (PAKISTAN),ORAN (ALGERIA),37
PORT QASIM (PAKISTAN),NOUAKCHOTT (MAURITANIA),46
PORT QASIM (PAKISTAN),NACALA (MOZAMBIQUE),35
PORT QASIM (PAKISTAN),MAPUTO (MOZAMBIQUE),26
PORT QASIM (PAKISTAN),LOME (TOGO),46
PORT QASIM (PAKISTAN),DOUALA (CAMEROON),57
PORT QASIM (PAKISTAN),COTONOU (BENIN),55
PORT QASIM (PAKISTAN),CONAKRY (GUINEA),40
PORT QASIM (PAKISTAN),BANJUL (GAMBIA),40
PORT QASIM (PAKISTAN),BISSAU (GUINEA-BISSAU),54
PORT QASIM (PAKISTAN),BEIRA (MOZAMBIQUE),50
PORT QASIM (PAKISTAN),ADEN (YEMEN),19
PORT QASIM (PAKISTAN),ABIDJAN (CÔTE D'IVOIRE),54
PORT QASIM (PAKISTAN),DJIBOUTI (DJIBOUTI),15
PORT SUDAN (SUDAN),LAS PALMAS (SPAIN),18
PORT SUDAN (SUDAN),MOMBASA (KENYA),14
PORT SUDAN (SUDAN),DJIBOUTI (DJIBOUTI),17
PORTLAND (USA),CHITTAGONG (BANGLADESH),37
PORTLAND (USA),HODEIDAH (YEMEN),58
PORTLAND (USA),PORT QASIM (PAKISTAN),38
PORTLAND (USA),TRINCOMALEE (SRI LANKA),29
PORTLAND (USA),KARACHI (PAKISTAN),44
PORTLAND (USA),HUNGNAM (DPR KOREA),22
PORTLAND (USA),DJIBOUTI (DJIBOUTI),40
PORTSMOUTH (USA),PORT QASIM (PAKISTAN),21
PUERTO ALTAMIRA (MEXICO),PORT-AU-PRINCE (HAITI),28
PUERTO ALTAMIRA (MEXICO),CAP HAITIEN (HAITI),53
PUERTO CORTEZ (HONDURAS),DAR-ES-SALAAM (TANZANIA),64
PUERTO PROGRESO (MEXICO),GUAYAQUIL (ECUADOR),22
PUERTO PROGRESO (MEXICO),PUERTO CORTEZ (HONDURAS),98
PUERTO PROGRESO (MEXICO),PORT-AU-PRINCE (HAITI),18
PUERTO PROGRESO (MEXICO),BARRANQUILLA (COLOMBIA),12
QINGDAO (CHINA),NAMPO (DPR KOREA),2
QINGDAO (CHINA),CHONGJIN (DPR KOREA),6
RIGA (LATVIA),ASHDOD (ISRAEL),22
RIO GRANDE (BRAZIL),ORAN (ALGERIA),28
RIO GRANDE (BRAZIL),ESMERALDAS (ECUADOR),45
RIO GRANDE (BRAZIL),DAR-ES-SALAAM (TANZANIA),57
RIO GRANDE (BRAZIL),BERBERA (SOMALIA),29
RIO GRANDE (BRAZIL),SANTIAGO D CUBA (CUBA),35
RIO GRANDE (BRAZIL),"SAO TOME (S.TOME,PRINCIPE)",50
RIO GRANDE (BRAZIL),HAVANA (CUBA),0
RIO GRANDE (BRAZIL),DURBAN (SOUTH AFRICA),16
RIO GRANDE (BRAZIL),DAKAR (SENEGAL),18
RIO GRANDE (BRAZIL),SURABAYA (INDONESIA),55
RIO GRANDE (BRAZIL),POINTE NOIRE (CONGO (BRAZZAV)),23
RIO GRANDE (BRAZIL),BISSAU (GUINEA-BISSAU),61
RIO GRANDE (BRAZIL),TOAMASINA (MADAGASCAR),46
RIO GRANDE (BRAZIL),CHITTAGONG (BANGLADESH),41
RIO GRANDE (BRAZIL),COLOMBO (SRI LANKA),48
RIO GRANDE (BRAZIL),STO TOMAS CASTL (GUATEMALA),34
RIO GRANDE (BRAZIL),CORINTO (NICARAGUA),59
RIO GRANDE (BRAZIL),ACAJUTLA (EL SALVADOR),56
RIO GRANDE (BRAZIL),GUAYAQUIL (ECUADOR),40
RIO GRANDE (BRAZIL),DOUALA (CAMEROON),38
RIO GRANDE (BRAZIL),BEIRA (MOZAMBIQUE),60
RIO GRANDE (BRAZIL),MOMBASA (KENYA),27
RIO GRANDE (BRAZIL),CARTAGENA (COLOMBIA),22
RIO GRANDE (BRAZIL),PORT-AU-PRINCE (HAITI),15
RIO GRANDE (BRAZIL),PUERTO CORTEZ (HONDURAS),32
RIO GRANDE (BRAZIL),BARRANQUILLA (COLOMBIA),37
RIO GRANDE (BRAZIL),DJIBOUTI (DJIBOUTI),59
ROSARIO (ARGENTINA),NOUAKCHOTT (MAURITANIA),47
ROSARIO (ARGENTINA),TARTOUS (SYRIA),53
ROSARIO (ARGENTINA),PORT SUDAN (SUDAN),51
ROSARIO (ARGENTINA),AQABA (JORDAN),45
ROSTOV (RUSSIA),ASHDOD (ISRAEL),12
ROTTERDAM (NETHERLANDS),LATTAKIA (SYRIA),22
ROTTERDAM (NETHERLANDS),BEIRUT (LEBANON),16
ROTTERDAM (NETHERLANDS),ALEXANDRIA (EGYPT),14
ROTTERDAM (NETHERLANDS),TARTOUS (SYRIA),18
ROTTERDAM (NETHERLANDS),PORT QASIM (PAKISTAN),30
ROTTERDAM (NETHERLANDS),POLLOC (PHILIPPINES),48
ROTTERDAM (NETHERLANDS),CALCUTTA (INDIA),42
ROTTERDAM (NETHERLANDS),COTONOU (BENIN),29
ROTTERDAM (NETHERLANDS),BEIRA (MOZAMBIQUE),71
ROTTERDAM (NETHERLANDS),WALVIS BAY (NAMIBIA),28
ROTTERDAM (NETHERLANDS),TEMA (GHANA),24
ROTTERDAM (NETHERLANDS),"SAO TOME (S.TOME,PRINCIPE)",27
ROTTERDAM (NETHERLANDS),YANGON (MYANMAR),117
ROTTERDAM (NETHERLANDS),PORT SUDAN (SUDAN),26
ROTTERDAM (NETHERLANDS),PRAIA (CAPE VERDE),16
ROTTERDAM (NETHERLANDS),POINTE NOIRE (CONGO (BRAZZAV)),34
ROTTERDAM (NETHERLANDS),ORAN (ALGERIA),18
ROTTERDAM (NETHERLANDS),NOUAKCHOTT (MAURITANIA),22
ROTTERDAM (NETHERLANDS),MONROVIA (LIBERIA),29
ROTTERDAM (NETHERLANDS),MOMBASA (KENYA),37
ROTTERDAM (NETHERLANDS),MANILA (PHILIPPINES),37
ROTTERDAM (NETHERLANDS),MATADI (DEM. REP. CONGO),38
ROTTERDAM (NETHERLANDS),LOME (TOGO),23
ROTTERDAM (NETHERLANDS),HODEIDAH (YEMEN),30
ROTTERDAM (NETHERLANDS),FREETOWN (SIERRA LEONE),22
ROTTERDAM (NETHERLANDS),DOUALA (CAMEROON),30
ROTTERDAM (NETHERLANDS),DALIAN (CHINA),45
ROTTERDAM (NETHERLANDS),DILI (TIMOR-LESTE),52
ROTTERDAM (NETHERLANDS),DAR-ES-SALAAM (TANZANIA),39
ROTTERDAM (NETHERLANDS),CORINTO (NICARAGUA),34
ROTTERDAM (NETHERLANDS),CONAKRY (GUINEA),26
ROTTERDAM (NETHERLANDS),COLOMBO (SRI LANKA),29
ROTTERDAM (NETHERLANDS),CHITTAGONG (BANGLADESH),42
ROTTERDAM (NETHERLANDS),BANDAR'ABBAS (IRAN),24
ROTTERDAM (NETHERLANDS),BISSAU (GUINEA-BISSAU),38
ROTTERDAM (NETHERLANDS),BERBERA (SOMALIA),57
ROTTERDAM (NETHERLANDS),ASHDOD (ISRAEL),17
ROTTERDAM (NETHERLANDS),ADEN (YEMEN),36
ROTTERDAM (NETHERLANDS),DJIBOUTI (DJIBOUTI),28
ROUEN (FRANCE),BISSAU (GUINEA-BISSAU),54
ROUEN (FRANCE),ORAN (ALGERIA),26
ROUEN (FRANCE),BEIRUT (LEBANON),23
ROUEN (FRANCE),DAR-ES-SALAAM (TANZANIA),55
ROUEN (FRANCE),DURBAN (SOUTH AFRICA),31
ROUEN (FRANCE),NOUAKCHOTT (MAURITANIA),26
ROUEN (FRANCE),MONROVIA (LIBERIA),0
ROUEN (FRANCE),DAKAR (SENEGAL),12
ROUEN (FRANCE),CONAKRY (GUINEA),21
ROUEN (FRANCE),PORT QASIM (PAKISTAN),43
ROUEN (FRANCE),COTONOU (BENIN),38
ROUEN (FRANCE),MATADI (DEM. REP. CONGO),79
ROUEN (FRANCE),ABIDJAN (CÔTE D'IVOIRE),36
ROUEN (FRANCE),BEIRA (MOZAMBIQUE),52
ROUEN (FRANCE),DOUALA (CAMEROON),55
ROUEN (FRANCE),TEMA (GHANA),17
ROUEN (FRANCE),TARTOUS (SYRIA),24
ROUEN (FRANCE),PORT-AU-PRINCE (HAITI),49
ROUEN (FRANCE),MOMBASA (KENYA),49
ROUEN (FRANCE),LOME (TOGO),19
ROUEN (FRANCE),KARACHI (PAKISTAN),47
ROUEN (FRANCE),HODEIDAH (YEMEN),50
ROUEN (FRANCE),ASHDOD (ISRAEL),14
SACLEPEA (LIBERIA),MONROVIA (LIBERIA),0
SAN FRANCISCO (USA),DALIAN (CHINA),48
SAN PEDRO (USA),CALCUTTA (INDIA),41
SAN PEDRO (USA),KARACHI (PAKISTAN),36
SAN PEDRO (USA),HODEIDAH (YEMEN),46
SAN PEDRO (USA),MANILA (PHILIPPINES),21
SAN PEDRO (USA),DJIBOUTI (DJIBOUTI),40
SANOYEA (LIBERIA),MONROVIA (LIBERIA),0
SANTIAGO D CUBA (CUBA),MOMBASA (KENYA),91
SANTIAGO D CUBA (CUBA),ORAN (ALGERIA),50
SANTIAGO D CUBA (CUBA),BANGKOK (THAILAND),75
SANTIAGO D CUBA (CUBA),PORT-AU-PRINCE (HAITI),7
SANTIAGO D CUBA (CUBA),DALIAN (CHINA),71
SANTIAGO D CUBA (CUBA),CARTAGENA (COLOMBIA),36
SANTIAGO D CUBA (CUBA),BARRANQUILLA (COLOMBIA),20
SANTOS (BRAZIL),ADEN (YEMEN),44
SANTOS (BRAZIL),BARRANQUILLA (COLOMBIA),24
SANTOS (BRAZIL),TEMA (GHANA),31
SANTOS (BRAZIL),ORAN (ALGERIA),43
SANTOS (BRAZIL),DOUALA (CAMEROON),42
SANTOS (BRAZIL),DJIBOUTI (DJIBOUTI),46
SAO FRANCISCO DO SUL (BRAZIL),GUAYAQUIL (ECUADOR),23
SAO FRANCISCO DO SUL (BRAZIL),BISSAU (GUINEA-BISSAU),281
SAO FRANCISCO DO SUL (BRAZIL),POINTE NOIRE (CONGO (BRAZZAV)),25
SAO FRANCISCO DO SUL (BRAZIL),DALIAN (CHINA),49
SAO FRANCISCO DO SUL (BRAZIL),COLOMBO (SRI LANKA),53
SAO FRANCISCO DO SUL (BRAZIL),PUERTO CORTEZ (HONDURAS),35
SAO FRANCISCO DO SUL (BRAZIL),BERBERA (SOMALIA),27
SAO FRANCISCO DO SUL (BRAZIL),CORINTO (NICARAGUA),67
SAO FRANCISCO DO SUL (BRAZIL),ACAJUTLA (EL SALVADOR),56
SAO FRANCISCO DO SUL (BRAZIL),MOMBASA (KENYA),52
SAO FRANCISCO DO SUL (BRAZIL),DAR-ES-SALAAM (TANZANIA),65
SAO FRANCISCO DO SUL (BRAZIL),STO TOMAS CASTL (GUATEMALA),24
SAO FRANCISCO DO SUL (BRAZIL),BEIRA (MOZAMBIQUE),55
SAO FRANCISCO DO SUL (BRAZIL),PORT SUDAN (SUDAN),50
SAO FRANCISCO DO SUL (BRAZIL),CAP HAITIEN (HAITI),47
SAO FRANCISCO DO SUL (BRAZIL),PORT-AU-PRINCE (HAITI),33
SAO FRANCISCO DO SUL (BRAZIL),DJIBOUTI (DJIBOUTI),38
SAVANNAH (USA),CALCUTTA (INDIA),51
SAVANNAH (USA),BANGKOK (THAILAND),50
SAVANNAH (USA),KARACHI (PAKISTAN),32
SAVANNAH (USA),MATADI (DEM. REP. CONGO),55
SAVANNAH (USA),ORAN (ALGERIA),35
SEATTLE (USA),SIHANOUKVILLE (CAMBODIA),33
SEMARANG (INDONESIA),KARACHI (PAKISTAN),20
SEMARANG (INDONESIA),MANILA (PHILIPPINES),23
SEVASTOPOL (UKRAINE),PORT SUDAN (SUDAN),12
SEVASTOPOL (UKRAINE),MOMBASA (KENYA),46
SHIMIZU (JAPAN),COLOMBO (SRI LANKA),21
SHIMIZU (JAPAN),CHITTAGONG (BANGLADESH),25
SHIMIZU (JAPAN),POINTE NOIRE (CONGO (BRAZZAV)),39
SHIMIZU (JAPAN),ASHDOD (ISRAEL),30
SIHANOUKVILLE (CAMBODIA),"SAO TOME (S.TOME,PRINCIPE)",76
SINGAPORE (SINGAPORE),DURBAN (SOUTH AFRICA),33
SINGAPORE (SINGAPORE),POINTE NOIRE (CONGO (BRAZZAV)),45
SINGAPORE (SINGAPORE),MOMBASA (KENYA),37
SOHAR (OMAN),TARTOUS (SYRIA),23
SOKHNA (EGYPT),PORT SUDAN (SUDAN),6
SOKHNA (EGYPT),AQABA (JORDAN),3
SONGKHLA (THAILAND),SIHANOUKVILLE (CAMBODIA),11
ST. PETERSBURG (RUSSIA),TARTOUS (SYRIA),30
ST. PETERSBURG (RUSSIA),PORT SUDAN (SUDAN),42
ST. PETERSBURG (RUSSIA),DURBAN (SOUTH AFRICA),41
ST. PETERSBURG (RUSSIA),DAR-ES-SALAAM (TANZANIA),65
ST. PETERSBURG (RUSSIA),LATTAKIA (SYRIA),35
ST. PETERSBURG (RUSSIA),TRIPOLI (LIBYA),64
ST. PETERSBURG (RUSSIA),BENGHAZI (LIBYA),54
ST. PETERSBURG (RUSSIA),CAP HAITIEN (HAITI),66
ST. PETERSBURG (RUSSIA),PORT-AU-PRINCE (HAITI),45
ST. PETERSBURG (RUSSIA),HODEIDAH (YEMEN),27
ST. PETERSBURG (RUSSIA),MOMBASA (KENYA),51
ST. PETERSBURG (RUSSIA),MATADI (DEM. REP. CONGO),75
ST. PETERSBURG (RUSSIA),CONAKRY (GUINEA),54
ST. PETERSBURG (RUSSIA),BEIRA (MOZAMBIQUE),73
ST. PETERSBURG (RUSSIA),ASHDOD (ISRAEL),26
ST. PETERSBURG (RUSSIA),DJIBOUTI (DJIBOUTI),53
STAVANGER (NORWAY),MOMBASA (KENYA),46
SURABAYA (INDONESIA),CEBU (PHILIPPINES),18
SURABAYA (INDONESIA),FREETOWN (SIERRA LEONE),47
SURABAYA (INDONESIA),PORT-AU-PRINCE (HAITI),67
SURABAYA (INDONESIA),"SAO TOME (S.TOME,PRINCIPE)",81
SURABAYA (INDONESIA),DAVAO (PHILIPPINES),5
SURABAYA (INDONESIA),BANGKOK (THAILAND),35
SURABAYA (INDONESIA),POLLOC (PHILIPPINES),23
SURABAYA (INDONESIA),JEBEL ALI (UTD.ARAB EMIR.),27
SURABAYA (INDONESIA),ADEN (YEMEN),25
SURABAYA (INDONESIA),PORT QASIM (PAKISTAN),24
SURABAYA (INDONESIA),CALCUTTA (INDIA),21
SURABAYA (INDONESIA),AQABA (JORDAN),28
SURABAYA (INDONESIA),POINTE NOIRE (CONGO (BRAZZAV)),41
SURABAYA (INDONESIA),BISSAU (GUINEA-BISSAU),81
SURABAYA (INDONESIA),ABIDJAN (CÔTE D'IVOIRE),46
SURABAYA (INDONESIA),LOME (TOGO),50
SURABAYA (INDONESIA),MONROVIA (LIBERIA),70
SURABAYA (INDONESIA),SIHANOUKVILLE (CAMBODIA),12
SURABAYA (INDONESIA),BANJUL (GAMBIA),47
SURABAYA (INDONESIA),BEIRA (MOZAMBIQUE),45
SURABAYA (INDONESIA),DALIAN (CHINA),23
SURABAYA (INDONESIA),DOUALA (CAMEROON),57
SURABAYA (INDONESIA),COTONOU (BENIN),54
SURABAYA (INDONESIA),DAR-ES-SALAAM (TANZANIA),36
SURABAYA (INDONESIA),CONAKRY (GUINEA),51
SURABAYA (INDONESIA),CHITTAGONG (BANGLADESH),21
SURABAYA (INDONESIA),TEMA (GHANA),47
SURABAYA (INDONESIA),MATADI (DEM. REP. CONGO),60
SURABAYA (INDONESIA),YANGON (MYANMAR),16
SURABAYA (INDONESIA),COLOMBO (SRI LANKA),17
SURABAYA (INDONESIA),DURBAN (SOUTH AFRICA),28
SURABAYA (INDONESIA),TOAMASINA (MADAGASCAR),30
SURABAYA (INDONESIA),HODEIDAH (YEMEN),40
SURABAYA (INDONESIA),MOMBASA (KENYA),29
SURABAYA (INDONESIA),DAKAR (SENEGAL),29
SURABAYA (INDONESIA),MANILA (PHILIPPINES),18
SURABAYA (INDONESIA),KARACHI (PAKISTAN),21
SURABAYA (INDONESIA),DILI (TIMOR-LESTE),10
SURABAYA (INDONESIA),BANDAR'ABBAS (IRAN),21
SURABAYA (INDONESIA),DJIBOUTI (DJIBOUTI),28
TACOMA (USA),BANGKOK (THAILAND),30
TAMAN (RUSSIA),DJIBOUTI (DJIBOUTI),15
TANJUNG PELEPAS (MALAYSIA),CALCUTTA (INDIA),15
TANJUNG PELEPAS (MALAYSIA),COLOMBO (SRI LANKA),14
TANJUNG PELEPAS (MALAYSIA),CHITTAGONG (BANGLADESH),15
TANJUNG PELEPAS (MALAYSIA),TULIARY (MADAGASCAR),38
TANJUNG PELEPAS (MALAYSIA),PORT QASIM (PAKISTAN),11
TANJUNG PELEPAS (MALAYSIA),YANGON (MYANMAR),24
TANJUNG PELEPAS (MALAYSIA),ABIDJAN (CÔTE D'IVOIRE),50
TANJUNG PELEPAS (MALAYSIA),DAR-ES-SALAAM (TANZANIA),52
TANJUNG PELEPAS (MALAYSIA),TEMA (GHANA),29
TANJUNG PELEPAS (MALAYSIA),TOAMASINA (MADAGASCAR),14
TANJUNG PELEPAS (MALAYSIA),SIHANOUKVILLE (CAMBODIA),4
TANJUNG PELEPAS (MALAYSIA),"SAO TOME (S.TOME,PRINCIPE)",87
TANJUNG PELEPAS (MALAYSIA),PORT SUDAN (SUDAN),30
TANJUNG PELEPAS (MALAYSIA),POINTE NOIRE (CONGO (BRAZZAV)),34
TANJUNG PELEPAS (MALAYSIA),MONROVIA (LIBERIA),39
TANJUNG PELEPAS (MALAYSIA),MOMBASA (KENYA),31
TANJUNG PELEPAS (MALAYSIA),MANILA (PHILIPPINES),7
TANJUNG PELEPAS (MALAYSIA),MATADI (DEM. REP. CONGO),50
TANJUNG PELEPAS (MALAYSIA),LOME (TOGO),26
TANJUNG PELEPAS (MALAYSIA),KARACHI (PAKISTAN),11
TANJUNG PELEPAS (MALAYSIA),HODEIDAH (YEMEN),18
TANJUNG PELEPAS (MALAYSIA),FREETOWN (SIERRA LEONE),40
TANJUNG PELEPAS (MALAYSIA),DURBAN (SOUTH AFRICA),26
TANJUNG PELEPAS (MALAYSIA),DOUALA (CAMEROON),60
TANJUNG PELEPAS (MALAYSIA),DAKAR (SENEGAL),32
TANJUNG PELEPAS (MALAYSIA),COTONOU (BENIN),31
TANJUNG PELEPAS (MALAYSIA),BANJUL (GAMBIA),32
TANJUNG PELEPAS (MALAYSIA),BISSAU (GUINEA-BISSAU),50
TANJUNG PELEPAS (MALAYSIA),BEIRA (MOZAMBIQUE),49
TANJUNG PELEPAS (MALAYSIA),DJIBOUTI (DJIBOUTI),24
TEKIRDAG (TURKEY),TARTOUS (SYRIA),6
TEKIRDAG (TURKEY),MOMBASA (KENYA),15
TEMA (GHANA),MONROVIA (LIBERIA),5
TEMRYUK (RUSSIA),LATTAKIA (SYRIA),9
TEMRYUK (RUSSIA),BEIRUT (LEBANON),15
TENERIFE (SPAIN),ORAN (ALGERIA),22
THESSALONIKI (GREECE),MOMBASA (KENYA),41
THESSALONIKI (GREECE),PORT QASIM (PAKISTAN),29
THESSALONIKI (GREECE),ABIDJAN (CÔTE D'IVOIRE),44
THESSALONIKI (GREECE),DAKAR (SENEGAL),25
THESSALONIKI (GREECE),KARACHI (PAKISTAN),50
THESSALONIKI (GREECE),CAUCEDO (DOMINICAN REP.),51
THESSALONIKI (GREECE),MANILA (PHILIPPINES),45
THESSALONIKI (GREECE),RIO HAINA (DOMINICAN REP.),18
THESSALONIKI (GREECE),TEMA (GHANA),33
THESSALONIKI (GREECE),PORT-AU-PRINCE (HAITI),60
THESSALONIKI (GREECE),CHITTAGONG (BANGLADESH),38
TOAMASINA (MADAGASCAR),BANGKOK (THAILAND),63
TOAMASINA (MADAGASCAR),PORT QASIM (PAKISTAN),23
TOULON (FRANCE),DJIBOUTI (DJIBOUTI),8
TRABZON (TURKEY),BISSAU (GUINEA-BISSAU),126
TRABZON (TURKEY),TEMA (GHANA),39
TRABZON (TURKEY),COTONOU (BENIN),56
TRABZON (TURKEY),TULIARY (MADAGASCAR),69
TRABZON (TURKEY),PORT QASIM (PAKISTAN),38
TRABZON (TURKEY),CALCUTTA (INDIA),52
TRABZON (TURKEY),TOAMASINA (MADAGASCAR),49
TRABZON (TURKEY),MATADI (DEM. REP. CONGO),82
TRABZON (TURKEY),SIHANOUKVILLE (CAMBODIA),35
TRABZON (TURKEY),CORINTO (NICARAGUA),97
TRABZON (TURKEY),POINTE NOIRE (CONGO (BRAZZAV)),44
TRABZON (TURKEY),ABIDJAN (CÔTE D'IVOIRE),48
TRABZON (TURKEY),PORT SUDAN (SUDAN),34
TRABZON (TURKEY),MONROVIA (LIBERIA),55
TRABZON (TURKEY),MOMBASA (KENYA),46
TRABZON (TURKEY),LOME (TOGO),50
TRABZON (TURKEY),FREETOWN (SIERRA LEONE),53
TRABZON (TURKEY),DURBAN (SOUTH AFRICA),44
TRABZON (TURKEY),DOUALA (CAMEROON),51
TRABZON (TURKEY),DAR-ES-SALAAM (TANZANIA),66
TRABZON (TURKEY),DAKAR (SENEGAL),34
TRABZON (TURKEY),CONAKRY (GUINEA),37
TRABZON (TURKEY),COLOMBO (SRI LANKA),41
TRABZON (TURKEY),CHITTAGONG (BANGLADESH),52
TRABZON (TURKEY),BANJUL (GAMBIA),40
TRABZON (TURKEY),BEIRA (MOZAMBIQUE),68
TRABZON (TURKEY),DJIBOUTI (DJIBOUTI),39
TRIESTE (ITALY),BERBERA (SOMALIA),47
TRIESTE (ITALY),HODEIDAH (YEMEN),25
TUAPSE (RUSSIA),PORT SUDAN (SUDAN),10
TUAPSE (RUSSIA),DJIBOUTI (DJIBOUTI),15
TUTICORIN (INDIA),DURBAN (SOUTH AFRICA),31
TUTICORIN (INDIA),DOUALA (CAMEROON),58
TUTICORIN (INDIA),PORT SUDAN (SUDAN),39
TUTICORIN (INDIA),HODEIDAH (YEMEN),33
TUTICORIN (INDIA),TARTOUS (SYRIA),47
TUTICORIN (INDIA),COLOMBO (SRI LANKA),3
UMM QASR (IRAQ),PORT QASIM (PAKISTAN),12
VALPARAISO (CHILE),CAP HAITIEN (HAITI),65
VANCOUVER (CANADA),DAR-ES-SALAAM (TANZANIA),76
VANCOUVER (CANADA),PORT-AU-PRINCE (HAITI),35
VANCOUVER (CANADA),PORT QASIM (PAKISTAN),53
VANCOUVER (CANADA),TOAMASINA (MADAGASCAR),63
VANCOUVER (CANADA),BARRANQUILLA (COLOMBIA),28
VANCOUVER (CANADA),PORT SUDAN (SUDAN),68
VANCOUVER (CANADA),MONROVIA (LIBERIA),65
VANCOUVER (CANADA),MOMBASA (KENYA),50
VANCOUVER (CANADA),KARACHI (PAKISTAN),50
VANCOUVER (CANADA),FREETOWN (SIERRA LEONE),54
VANCOUVER (CANADA),DOUALA (CAMEROON),61
VANCOUVER (CANADA),CORINTO (NICARAGUA),25
VANCOUVER (CANADA),CONAKRY (GUINEA),51
VANCOUVER (CANADA),CHITTAGONG (BANGLADESH),40
VANCOUVER (CANADA),BANDAR'ABBAS (IRAN),47
VANCOUVER (CANADA),BANJUL (GAMBIA),59
VANCOUVER (CANADA),DJIBOUTI (DJIBOUTI),45
VANCOUVER (USA),CHITTAGONG (BANGLADESH),29
VARNA (BULGARIA),PORT SUDAN (SUDAN),10
VARNA (BULGARIA),KARACHI (PAKISTAN),27
VARNA (BULGARIA),HUNGNAM (DPR KOREA),39
VENEZIA (ITALY),PUERTO CORTEZ (HONDURAS),36
VENEZIA (ITALY),BISSAU (GUINEA-BISSAU),62
VENEZIA (ITALY),DURBAN (SOUTH AFRICA),49
VENEZIA (ITALY),AQABA (JORDAN),14
VENEZIA (ITALY),BANJUL (GAMBIA),38
VENEZIA (ITALY),RIGA (LATVIA),31
VENEZIA (ITALY),TULIARY (MADAGASCAR),76
VENEZIA (ITALY),PORT QASIM (PAKISTAN),30
VENEZIA (ITALY),CALCUTTA (INDIA),60
VENEZIA (ITALY),BERBERA (SOMALIA),41
VENEZIA (ITALY),SIHANOUKVILLE (CAMBODIA),34
VENEZIA (ITALY),DALIAN (CHINA),39
VENEZIA (ITALY),COLOMBO (SRI LANKA),24
VENEZIA (ITALY),UNITHAI CTN TRM (THAILAND),44
VENEZIA (ITALY),HAVANA (CUBA),40
VENEZIA (ITALY),WALVIS BAY (NAMIBIA),66
VENEZIA (ITALY),TEMA (GHANA),37
VENEZIA (ITALY),TOAMASINA (MADAGASCAR),37
VENEZIA (ITALY),SURABAYA (INDONESIA),47
VENEZIA (ITALY),YANGON (MYANMAR),49
VENEZIA (ITALY),PORT SUDAN (SUDAN),29
VENEZIA (ITALY),PORT-AU-PRINCE (HAITI),45
VENEZIA (ITALY),POINTE NOIRE (CONGO (BRAZZAV)),26
VENEZIA (ITALY),ORAN (ALGERIA),27
VENEZIA (ITALY),NOUAKCHOTT (MAURITANIA),37
VENEZIA (ITALY),MONROVIA (LIBERIA),27
VENEZIA (ITALY),MOMBASA (KENYA),46
VENEZIA (ITALY),MANILA (PHILIPPINES),50
VENEZIA (ITALY),MATADI (DEM. REP. CONGO),70
VENEZIA (ITALY),LOME (TOGO),37
VENEZIA (ITALY),HODEIDAH (YEMEN),41
VENEZIA (ITALY),FREETOWN (SIERRA LEONE),41
VENEZIA (ITALY),DOUALA (CAMEROON),47
VENEZIA (ITALY),DAR-ES-SALAAM (TANZANIA),49
VENEZIA (ITALY),DAKAR (SENEGAL),32
VENEZIA (ITALY),COTONOU (BENIN),44
VENEZIA (ITALY),CORINTO (NICARAGUA),47
VENEZIA (ITALY),CONAKRY (GUINEA),40
VENEZIA (ITALY),CHITTAGONG (BANGLADESH),44
VENEZIA (ITALY),CAUCEDO (DOMINICAN REP.),28
VENEZIA (ITALY),CAP HAITIEN (HAITI),41
VENEZIA (ITALY),BANGKOK (THAILAND),50
VENEZIA (ITALY),BEIRA (MOZAMBIQUE),62
VENEZIA (ITALY),ACAJUTLA (EL SALVADOR),44
VENEZIA (ITALY),ADEN (YEMEN),35
VENEZIA (ITALY),ABIDJAN (CÔTE D'IVOIRE),33
VENEZIA (ITALY),DJIBOUTI (DJIBOUTI),32
VERA CRUZ (MEXICO),PORT-AU-PRINCE (HAITI),27
VERA CRUZ (MEXICO),STO TOMAS CASTL (GUATEMALA),16
VIGO (SPAIN),STO TOMAS CASTL (GUATEMALA),27
VILLAGA. DE AROSA (SPAIN),MOMBASA (KENYA),41
VISAKHAPATNAM (INDIA),DURBAN (SOUTH AFRICA),29
VOINJAMA (LIBERIA),MONROVIA (LIBERIA),0
WALVIS BAY (NAMIBIA),CONAKRY (GUINEA),13
WALVIS BAY (NAMIBIA),"SAO TOME (S.TOME,PRINCIPE)",77
WALVIS BAY (NAMIBIA),POINTE NOIRE (CONGO (BRAZZAV)),15
WALVIS BAY (NAMIBIA),MONROVIA (LIBERIA),46
WALVIS BAY (NAMIBIA),MOMBASA (KENYA),28
WALVIS BAY (NAMIBIA),MATADI (DEM. REP. CONGO),12
WALVIS BAY (NAMIBIA),LOME (TOGO),30
WALVIS BAY (NAMIBIA),DOUALA (CAMEROON),36
WALVIS BAY (NAMIBIA),DAR-ES-SALAAM (TANZANIA),28
WALVIS BAY (NAMIBIA),COTONOU (BENIN),13
WALVIS BAY (NAMIBIA),BERBERA (SOMALIA),83
WALVIS BAY (NAMIBIA),DJIBOUTI (DJIBOUTI),36
WESTERN AREA (SIERRA LEONE),FREETOWN (SIERRA LEONE),0
WESTWEGO (USA),PORT SUDAN (SUDAN),28
XIAMEN (CHINA),SIHANOUKVILLE (CAMBODIA),15
XINGANG (CHINA),POTI (GEORGIA),50
XINGANG (CHINA),ORAN (ALGERIA),41
XINGANG (CHINA),NOUAKCHOTT (MAURITANIA),49
XINGANG (CHINA),BANDAR'ABBAS (IRAN),25
YOKOHAMA (JAPAN),"SAO TOME (S.TOME,PRINCIPE)",46
YOKOHAMA (JAPAN),POINTE NOIRE (CONGO (BRAZZAV)),68
YOKOHAMA (JAPAN),DAKAR (SENEGAL),49
YOKOHAMA (JAPAN),TEMA (GHANA),43
YOKOHAMA (JAPAN),COLOMBO (SRI LANKA),22
YOKOHAMA (JAPAN),CALCUTTA (INDIA),39
YOKOHAMA (JAPAN),SIHANOUKVILLE (CAMBODIA),19
YOKOHAMA (JAPAN),MOMBASA (KENYA),36
YOKOHAMA (JAPAN),LOME (TOGO),41
YOKOHAMA (JAPAN),DOUALA (CAMEROON),51
YOKOHAMA (JAPAN),DAR-ES-SALAAM (TANZANIA),54
YOKOHAMA (JAPAN),BISSAU (GUINEA-BISSAU),60
YOKOHAMA (JAPAN),BANGKOK (THAILAND),17
YUZHNY (RUSSIA),PORT QASIM (PAKISTAN),29
YUZHNY (RUSSIA),PORT SUDAN (SUDAN),27
YUZHNY (RUSSIA),DOUALA (CAMEROON),58
YUZHNY (RUSSIA),DAKAR (SENEGAL),31
YUZHNY (RUSSIA),MATADI (DEM. REP. CONGO),35
YUZHNY (RUSSIA),LOME (TOGO),36
ZEEBRUGGE (BELGIUM),KARACHI (PAKISTAN),23
ZEEBRUGGE (BELGIUM),COLOMBO (SRI LANKA),25
ZEEBRUGGE (BELGIUM),CHITTAGONG (BANGLADESH),38
ZEEBRUGGE (BELGIUM),LATTAKIA (SYRIA),15
ZEEBRUGGE (BELGIUM),ORAN (ALGERIA),19
ZEEBRUGGE (BELGIUM),TULIARY (MADAGASCAR),82
ZEEBRUGGE (BELGIUM),PORT QASIM (PAKISTAN),30
ZEEBRUGGE (BELGIUM),CALCUTTA (INDIA),44
ZEEBRUGGE (BELGIUM),DAR-ES-SALAAM (TANZANIA),33
ZEEBRUGGE (BELGIUM),BEIRA (MOZAMBIQUE),61
ZEEBRUGGE (BELGIUM),TARTOUS (SYRIA),14
ZEEBRUGGE (BELGIUM),MOMBASA (KENYA),40
ZEEBRUGGE (BELGIUM),HODEIDAH (YEMEN),17
ZEEBRUGGE (BELGIUM),ADEN (YEMEN),53
ZWEDRU (LIBERIA),MONROVIA (LIBERIA),0
ZWEDRU (LIBERIA),HARPER (LIBERIA),0
